--disable-option-checking,--disable-assembler,--disable-xzdec,--disable-lzmadec,--disable-lzmainfo,--disable-lzma-links,--disable-scripts,--disable-doc,--disable-silent-rules,--disable-dependency-tracking,--disable-libtool-lock,--disable-nls,--disable-rpath,--disable-largefile,--enable-debug,--enable-encoders=lzma1,"--enable-encoders=lzma1,lzma2","--enable-encoders=lzma1,delta","--enable-encoders=lzma1,x86","--enable-encoders=lzma1,powerpc","--enable-encoders=lzma1,ia64","--enable-encoders=lzma1,arm","--enable-encoders=lzma1,armthumb","--enable-encoders=lzma1,sparc",--enable-decoders=lzma1,"--enable-decoders=lzma1,lzma2","--enable-decoders=lzma1,delta","--enable-decoders=lzma1,x86","--enable-decoders=lzma1,powerpc","--enable-decoders=lzma1,ia64","--enable-decoders=lzma1,arm","--enable-decoders=lzma1,armthumb","--enable-decoders=lzma1,sparc",--enable-match-finders=hc3,--enable-match-finders=hc4,--enable-match-finders=bt2,--enable-match-finders=bt3,--enable-match-finders=bt4,--enable-checks=crc32,"--enable-checks=crc32,crc64","--enable-checks=crc32,sha256",--enable-small,--enable-threads=yes,--enable-threads=no,--enable-threads=posix,--enable-assume-ram=128,--enable-symbol-versions,--enable-sandbox=auto,--enable-sandbox=no,--enable-sandbox=capsicum,--enable-silent-rules,--enable-dependency-tracking,--enable-fast-install,--enable-fast-install=no,--enable-unaligned-access,--enable-unsafe-type-punning,--with-pic=PIC,--with-pic=non-PIC,--with-aix-soname=aix,--with-aix-soname=svr4,--with-aix-soname=both,--with-gnu-ld,--with-gnu-ld=no,--without-libiconv-prefix,--without-libintl-prefix,--with-libiconv-prefix,--with-libintl-prefix,--enable-shared=no,--enable-static,binary-size,unit,nr-of-gadgets
false,true,false,true,true,true,false,false,true,false,false,false,false,false,false,false,false,false,false,false,false,false,false,true,false,false,false,false,false,false,false,false,false,false,false,false,true,false,false,false,true,false,true,false,false,true,false,true,false,false,true,true,true,true,false,false,false,true,false,false,false,false,false,true,false,false,true,true,true,1196456,bytes,8647
true,true,true,true,true,true,false,true,false,false,true,false,false,true,false,false,false,false,true,false,false,false,false,false,false,false,false,false,false,true,false,false,false,false,false,false,true,false,false,false,true,false,false,false,true,true,true,false,false,true,false,true,false,false,false,false,true,false,true,false,false,false,false,false,false,true,true,false,true,1196456,bytes,8647
true,false,false,false,true,true,false,true,false,true,false,true,false,true,false,false,false,false,false,true,false,false,false,false,false,false,false,false,false,true,false,false,false,false,false,false,false,false,false,false,true,true,true,false,false,false,false,false,true,false,false,false,true,false,true,true,true,false,false,true,false,false,false,false,true,false,false,true,true,1075320,bytes,7641
false,false,true,false,false,false,true,false,true,false,true,true,true,false,false,false,false,false,false,false,false,true,false,false,false,false,false,false,true,false,false,false,false,false,false,false,false,false,true,false,false,false,false,true,false,false,true,true,false,false,false,false,true,true,true,false,true,false,false,true,false,true,false,false,false,false,true,true,false,974696,bytes,7456
false,true,true,false,true,false,false,false,true,true,true,false,false,true,false,false,false,true,false,false,false,false,false,false,false,false,false,true,false,false,false,false,false,false,false,false,false,false,true,false,false,true,false,false,true,true,false,true,false,false,false,false,true,true,false,true,false,true,false,false,true,true,false,false,false,false,false,false,true,1015024,bytes,7453
false,false,true,true,true,false,false,true,true,true,true,false,true,false,false,false,false,false,false,true,false,false,false,false,true,false,false,false,false,false,false,false,false,false,false,false,false,false,true,false,false,false,false,false,false,true,false,false,true,false,true,false,true,false,true,true,false,false,false,true,false,true,false,false,false,true,true,true,false,1074912,bytes,8062
false,false,true,true,true,false,true,false,true,true,false,false,true,false,false,true,false,false,false,false,false,false,false,false,false,false,false,false,false,false,true,false,false,false,false,false,false,false,false,true,false,false,false,true,false,true,true,false,false,true,true,true,false,true,true,false,false,true,true,false,false,true,false,false,false,true,true,false,true,1074912,bytes,8062
true,false,false,false,true,true,true,true,true,false,true,true,true,false,false,false,false,false,false,false,false,false,true,false,true,false,false,false,false,false,false,false,false,false,false,false,false,false,false,false,true,true,true,false,false,true,true,true,false,false,true,false,false,false,false,false,false,true,false,false,true,false,false,false,false,false,false,true,true,1070944,bytes,7731
false,true,false,false,true,true,true,false,true,true,false,true,true,false,false,false,false,false,false,false,true,false,false,false,false,false,false,false,false,false,false,false,true,false,false,false,false,false,false,true,false,true,true,false,false,true,true,false,false,true,false,true,false,true,false,false,false,true,false,false,true,false,false,true,true,false,false,false,false,1070944,bytes,7731
false,true,true,false,true,false,true,false,true,false,false,true,false,false,false,false,false,true,false,false,false,false,false,false,false,false,false,false,true,false,false,false,false,false,false,false,false,false,false,false,true,false,true,false,false,false,false,false,false,true,true,true,true,true,false,true,false,true,true,false,false,false,false,false,false,false,false,true,true,1070944,bytes,7731
true,true,true,true,true,false,true,true,false,true,true,false,true,true,false,false,false,false,false,false,false,true,false,false,true,false,false,false,false,false,false,false,false,false,false,false,false,false,false,true,false,false,false,true,false,true,true,true,false,false,false,false,false,false,false,true,false,false,false,false,false,false,false,false,false,true,false,true,false,987408,bytes,7488
false,true,true,false,false,false,true,false,false,false,false,true,false,true,false,false,true,false,false,false,false,false,false,false,false,false,true,false,false,false,false,false,false,false,false,false,false,false,false,false,false,false,false,false,false,false,true,false,false,true,false,true,true,true,false,false,true,false,true,false,false,true,false,false,true,false,false,true,false,987408,bytes,7488
true,false,false,true,false,false,true,true,true,true,true,true,false,false,false,false,false,false,false,false,false,false,false,true,false,true,false,false,false,false,false,false,false,false,false,false,false,false,true,false,false,false,false,false,true,false,true,true,false,false,false,true,true,false,false,true,false,true,false,false,true,true,false,false,false,true,true,false,false,1076232,bytes,8120
false,false,true,false,false,true,true,false,true,true,true,false,false,true,false,false,false,false,false,false,false,false,false,false,false,false,false,false,false,false,false,false,false,false,false,false,false,false,false,false,true,true,false,false,false,true,false,false,false,true,false,true,true,false,false,true,true,false,true,false,false,true,false,false,false,true,false,false,false,1076232,bytes,8120
false,true,true,true,false,false,false,false,false,false,true,false,true,true,false,false,false,true,false,false,false,false,false,false,false,false,false,false,true,false,false,false,false,false,false,false,true,false,false,false,false,true,false,false,true,false,false,false,true,false,false,false,false,false,false,false,false,false,true,false,false,false,false,true,false,false,false,true,false,1078848,bytes,7694
false,true,true,true,true,false,false,false,false,true,true,false,false,false,false,false,false,false,false,false,false,false,false,false,false,false,true,false,false,false,false,false,false,false,false,false,false,false,false,true,false,false,true,false,false,false,true,false,false,true,true,true,false,true,false,true,false,true,false,true,false,true,false,false,false,false,true,true,true,1078848,bytes,7694
true,false,true,false,true,false,false,false,true,true,true,false,true,false,false,false,false,true,false,false,false,false,false,false,false,false,false,true,false,false,false,false,false,false,false,false,false,false,true,false,false,false,true,false,false,true,true,true,false,false,true,true,false,false,false,false,false,true,false,true,false,false,false,false,false,true,false,false,true,1082216,bytes,8057
false,true,false,false,false,true,false,true,false,false,false,false,true,false,false,false,false,false,false,false,false,false,false,false,false,false,false,false,false,false,false,true,false,false,false,false,false,false,false,false,false,true,false,false,true,false,false,false,true,false,true,true,false,false,true,false,false,false,true,false,false,true,false,false,false,true,true,true,true,1152768,bytes,8201
false,false,false,true,false,false,true,false,false,false,false,true,false,true,false,false,false,false,false,false,false,false,true,false,true,false,false,false,false,false,false,false,false,false,false,false,false,false,false,false,false,true,true,false,false,true,true,false,false,true,true,true,false,true,true,true,false,false,false,true,false,false,false,false,true,false,false,true,true,1152768,bytes,8201
false,true,true,false,false,true,false,true,true,true,false,false,false,true,false,false,false,false,false,false,false,true,false,false,false,false,true,false,false,false,false,false,false,false,false,false,false,false,false,false,false,false,false,false,true,true,true,false,false,true,true,false,false,true,false,false,false,false,true,false,false,true,false,true,false,false,false,true,false,1152768,bytes,8201
false,true,true,true,true,true,true,false,true,false,false,false,false,true,false,false,false,false,false,false,true,false,false,false,false,false,true,false,false,false,false,false,false,false,false,false,false,false,false,false,false,true,false,false,true,false,true,true,false,false,false,true,true,true,true,false,true,false,false,true,false,false,false,false,false,false,false,true,true,1083680,bytes,7768
true,true,true,true,false,true,true,false,false,true,false,true,false,true,false,false,false,false,true,false,false,false,false,false,false,false,false,false,false,false,false,false,false,false,false,false,false,false,false,false,false,false,false,true,false,true,true,false,false,true,true,false,true,false,true,true,false,false,true,false,false,true,false,true,true,false,false,false,false,1083680,bytes,7768
false,true,false,true,true,true,false,false,false,false,true,false,false,true,false,true,false,false,false,false,false,false,false,false,false,false,false,false,false,false,true,false,false,false,false,false,true,false,false,false,true,false,true,false,false,true,true,false,false,false,true,false,true,false,false,true,true,false,false,true,false,false,false,true,true,false,false,false,false,1135024,bytes,8151
true,false,false,true,false,false,true,true,true,true,true,false,true,true,false,false,false,false,false,false,false,false,false,true,false,false,false,true,false,false,false,false,false,false,false,false,false,false,false,false,true,true,true,false,false,true,false,false,true,false,false,true,true,true,false,true,true,false,true,false,false,true,false,true,false,false,true,true,true,1103232,bytes,7824
true,true,false,true,false,false,false,true,false,true,false,true,false,false,false,false,false,false,false,false,false,false,true,false,false,true,false,false,false,false,false,false,false,false,false,false,false,false,false,false,true,false,false,true,false,true,false,true,false,false,true,true,true,false,false,true,false,true,false,true,false,true,false,false,true,false,false,false,true,1047880,bytes,7842
false,false,false,false,true,true,false,true,false,false,true,true,false,true,false,true,false,false,false,false,false,false,false,false,false,false,false,false,true,false,false,false,false,false,false,false,false,false,false,false,false,true,false,false,false,false,false,true,false,false,true,false,false,false,false,false,false,false,true,false,false,true,false,false,false,true,false,true,true,1066536,bytes,7666
false,false,true,false,true,true,true,false,false,true,false,true,true,true,false,false,false,false,true,false,false,false,false,false,false,false,false,false,true,false,false,false,false,false,false,false,false,false,false,false,false,false,false,true,false,true,true,false,true,false,true,false,false,true,true,true,false,true,true,false,false,true,false,false,true,true,false,false,true,1082936,bytes,7913
true,true,false,false,false,false,true,false,true,false,true,false,false,true,false,false,false,false,false,false,true,false,false,false,false,false,false,false,false,false,true,false,false,false,false,false,false,false,true,false,false,true,false,false,true,false,false,true,false,false,true,false,true,true,false,true,false,true,true,false,false,false,false,true,false,false,true,false,true,1008416,bytes,7465
true,false,false,false,true,false,false,false,true,true,true,false,false,false,false,false,true,false,false,false,false,false,false,false,false,false,false,false,false,false,false,true,false,false,false,false,false,false,true,false,false,false,true,false,false,true,false,false,true,false,true,false,true,false,false,false,false,false,false,true,false,false,false,false,true,true,false,false,false,1086128,bytes,8207
true,true,false,false,false,false,true,false,true,true,false,false,true,false,false,false,false,false,false,false,true,false,false,false,false,true,false,false,false,false,false,false,false,false,false,false,false,false,false,false,true,true,false,false,true,false,false,true,false,false,false,false,false,false,true,false,true,false,false,false,true,false,false,false,true,true,false,false,false,1094288,bytes,7790
false,true,false,false,false,true,true,false,true,true,true,false,true,false,false,true,false,false,false,false,false,false,false,false,false,false,false,true,false,false,false,false,false,false,false,true,false,false,true,false,false,true,false,false,true,true,false,true,false,false,true,true,false,false,true,true,true,false,false,true,false,true,false,true,false,false,false,true,true,993912,bytes,7236
false,false,true,true,true,true,false,true,false,true,true,true,true,false,false,false,false,false,true,false,false,false,false,false,false,false,false,false,false,false,false,false,false,true,false,false,false,false,false,false,false,false,false,false,false,false,false,false,false,false,false,true,false,true,false,false,true,false,false,false,true,false,false,false,false,true,false,false,false,1194984,bytes,8507
false,false,true,false,true,true,true,false,true,false,false,false,true,false,false,false,false,false,false,false,false,false,false,true,false,false,false,true,false,false,false,false,false,false,false,false,false,false,false,false,true,true,false,false,true,true,false,false,true,false,false,true,true,false,false,false,false,true,false,false,true,true,false,false,true,false,false,true,false,1090024,bytes,7895
false,false,true,true,false,false,false,true,true,false,true,false,false,true,false,false,false,false,false,false,false,false,false,false,false,false,false,false,false,false,true,false,false,false,false,false,false,false,true,false,false,false,true,false,false,false,false,true,false,false,true,false,false,false,true,false,false,true,true,false,false,true,false,false,false,false,true,true,false,1135800,bytes,8401
false,true,true,true,true,false,true,true,true,false,false,false,true,false,false,false,false,false,false,false,false,false,false,true,false,false,false,false,true,false,false,false,false,false,false,false,true,false,false,false,false,false,false,false,true,false,true,false,true,false,false,true,true,false,true,true,true,false,false,false,false,false,false,false,false,true,true,true,false,1154136,bytes,8294
true,true,true,false,true,false,true,false,true,true,true,true,false,true,false,true,false,false,false,false,false,false,false,false,false,false,false,false,false,false,false,false,false,false,false,true,false,false,false,false,true,false,false,true,false,false,true,true,false,false,true,true,false,false,true,true,false,false,true,false,false,false,false,false,false,true,true,false,true,1091592,bytes,7923
true,true,true,false,true,false,true,false,true,true,false,true,true,true,false,false,false,false,false,false,false,false,false,false,false,false,false,false,true,false,false,false,false,false,false,false,false,false,true,false,false,true,false,false,true,false,false,false,true,false,false,true,true,false,true,false,true,false,true,false,false,true,false,false,false,true,true,true,true,1071176,bytes,7817
true,true,false,false,false,true,true,true,true,false,true,false,false,false,false,false,true,false,false,false,false,false,false,false,false,false,false,false,false,false,false,false,false,false,false,false,false,false,false,true,false,true,false,false,false,true,true,false,true,false,false,false,false,false,true,false,false,false,false,false,true,true,false,false,true,false,false,true,true,1073760,bytes,7736
true,false,false,false,false,false,true,true,true,true,true,true,true,false,false,false,false,false,false,true,false,false,false,false,true,false,false,false,false,false,false,false,false,false,false,false,false,false,true,false,false,false,true,false,false,false,true,false,false,false,false,true,false,false,false,false,true,false,false,true,false,true,false,false,true,true,false,true,false,1054528,bytes,8026
false,false,true,false,true,true,false,false,true,true,true,true,false,false,false,false,true,false,false,false,false,false,false,false,false,false,true,false,false,false,false,false,false,false,false,false,false,false,false,true,false,false,false,false,true,true,false,false,true,false,false,true,false,true,true,true,false,true,false,false,true,false,false,false,true,true,false,false,false,1089192,bytes,8145
false,true,false,false,true,true,true,true,true,false,true,true,false,true,false,false,false,false,false,false,false,true,false,false,true,false,false,false,false,false,false,false,false,false,false,false,false,false,true,false,false,false,false,false,true,false,true,false,false,true,false,false,false,true,false,true,false,true,true,false,false,false,false,false,true,true,false,false,true,1089192,bytes,8145
true,true,true,true,true,true,true,true,false,false,false,true,true,true,false,false,false,false,false,true,false,false,false,false,false,false,false,false,false,true,false,false,false,true,false,false,false,false,true,false,false,false,true,false,false,false,false,false,false,false,true,false,false,false,false,true,true,false,false,true,false,true,false,false,false,false,false,true,true,1057128,bytes,7906
false,true,false,false,false,false,true,true,false,true,true,false,false,false,false,false,false,true,false,false,false,false,false,false,true,false,false,false,false,false,false,false,false,true,false,false,false,false,false,false,true,false,true,false,false,false,false,false,false,false,false,false,false,false,true,true,false,false,false,false,true,false,false,true,false,false,false,true,false,1122160,bytes,8069
false,false,true,true,false,false,false,true,true,true,true,true,true,true,false,false,false,false,false,false,true,false,false,false,false,false,false,true,false,false,false,false,false,false,false,false,false,false,true,false,false,false,false,false,true,false,true,false,false,true,false,false,true,true,false,false,false,false,true,false,false,false,false,true,true,false,false,false,true,1122160,bytes,8069
true,false,true,false,true,true,false,true,false,true,false,false,false,true,false,false,false,false,false,false,false,false,false,false,false,false,false,false,false,false,true,false,false,false,false,false,false,false,false,false,true,true,true,false,false,true,true,false,true,false,false,true,true,true,true,false,false,true,false,false,true,true,false,true,false,false,true,true,false,1145208,bytes,7990
true,false,true,false,true,true,true,true,false,false,true,false,false,false,false,false,false,false,false,false,false,false,false,false,false,false,true,false,false,false,false,false,false,false,false,false,false,false,false,true,false,false,true,false,false,false,true,false,true,false,false,true,false,false,false,false,false,false,true,false,false,false,false,false,true,true,false,true,true,1158152,bytes,8544
true,true,false,false,true,true,false,false,true,false,true,false,false,true,false,false,false,false,false,false,false,false,false,false,false,false,false,true,false,false,false,false,false,false,false,false,false,false,true,false,false,false,false,false,true,false,true,false,true,false,true,true,false,true,false,true,true,false,false,true,false,false,false,false,true,true,false,false,false,1140320,bytes,8420
true,false,true,false,true,true,true,false,false,true,false,false,true,true,false,false,false,false,false,false,false,false,false,true,false,false,true,false,false,false,false,false,false,false,false,false,false,false,false,true,false,false,true,false,false,true,false,false,false,false,false,true,true,false,true,false,false,true,false,true,false,true,false,false,false,false,false,true,true,1096656,bytes,8246
true,false,false,false,true,true,true,false,false,false,true,true,true,false,false,false,false,false,false,false,false,false,false,true,false,false,false,false,true,false,false,false,false,false,false,false,false,false,false,false,false,true,false,false,true,true,false,true,false,false,false,false,true,false,true,true,false,false,false,true,false,true,false,true,false,false,true,false,false,1083312,bytes,7736
true,false,false,true,true,true,true,false,true,false,true,false,true,true,false,false,false,true,false,false,false,false,false,false,false,false,true,false,false,false,false,false,false,false,false,false,false,false,false,false,false,true,false,false,true,false,false,true,false,false,true,true,true,false,true,true,false,false,false,true,false,true,false,false,false,false,true,false,false,1079768,bytes,7734
false,true,true,false,true,false,true,true,true,false,true,false,true,false,false,false,false,false,false,true,false,false,false,false,true,false,false,false,false,false,false,false,false,false,false,false,false,false,true,false,false,true,true,false,false,false,false,false,false,false,true,false,true,false,false,true,false,false,false,false,true,false,false,true,false,false,false,false,true,1001008,bytes,7461
true,false,false,false,true,false,false,true,true,false,false,true,true,true,false,false,false,false,false,true,false,false,false,false,false,false,false,true,false,false,false,false,false,false,false,false,false,false,false,false,false,true,true,false,false,false,false,false,false,true,false,false,false,true,false,false,false,false,false,true,false,true,false,false,true,false,false,false,false,1001008,bytes,7461
false,false,true,true,true,true,false,false,true,true,false,true,false,true,false,false,false,false,false,false,false,false,false,false,false,true,false,false,false,false,false,false,false,false,false,false,false,false,false,false,false,true,false,false,true,true,true,true,false,false,true,false,false,true,false,false,true,false,false,true,false,false,false,false,false,true,true,true,false,1144216,bytes,8060
false,false,false,false,true,false,true,false,false,false,false,false,false,true,false,false,false,false,false,true,false,false,false,false,false,false,true,false,false,false,false,false,false,false,false,false,false,false,false,false,false,true,true,false,false,false,true,true,false,false,false,false,true,true,true,false,false,true,false,true,false,true,false,false,false,true,true,false,true,1088104,bytes,7863
false,false,true,true,true,true,false,true,false,true,false,true,false,false,false,false,false,true,false,false,false,false,false,false,false,false,false,false,false,false,false,true,false,false,false,false,false,false,true,false,false,false,false,true,false,false,false,false,true,false,true,true,false,true,false,true,false,false,true,false,false,true,false,false,false,true,false,true,true,994136,bytes,7668
false,false,false,true,false,false,false,true,false,false,false,false,false,false,false,false,false,true,false,false,false,false,false,false,false,false,false,false,false,false,false,false,false,false,false,true,false,false,false,true,false,false,false,false,true,true,true,true,false,false,true,true,false,true,true,false,true,false,false,false,true,false,false,false,false,false,false,true,false,1138088,bytes,8318
false,false,true,true,false,true,false,false,true,true,false,true,false,false,false,false,false,false,false,false,false,false,false,false,false,false,false,false,false,false,true,false,false,false,false,false,false,false,false,false,true,true,true,false,false,true,true,false,false,true,true,false,false,true,true,false,false,false,true,false,false,false,false,true,true,false,false,true,false,1138088,bytes,8318
false,true,false,true,true,false,true,true,false,true,false,true,true,true,false,false,false,false,false,false,false,false,true,false,false,true,false,false,false,false,false,false,false,false,false,false,false,false,false,true,false,false,true,false,false,false,true,false,false,true,true,false,false,false,false,true,true,false,false,false,true,true,false,true,true,false,false,true,true,1138088,bytes,8318
true,false,true,false,true,true,true,true,true,false,true,false,false,true,false,false,false,true,false,false,false,false,false,false,false,false,false,false,false,false,false,false,false,false,false,false,false,false,false,false,true,false,true,false,false,false,false,false,true,false,true,true,false,false,false,true,false,true,false,false,true,false,false,false,false,true,false,false,false,1214480,bytes,8779
true,true,true,false,false,true,true,true,true,false,true,true,true,true,false,false,false,false,false,false,false,false,false,true,false,false,false,false,false,false,false,true,false,false,false,false,false,false,false,false,true,false,false,true,false,false,true,false,false,true,true,true,false,true,true,true,false,true,false,false,true,false,false,false,false,false,false,false,true,1214480,bytes,8779
false,true,true,true,false,true,false,false,true,true,true,false,false,true,false,false,false,false,false,false,false,false,false,true,false,false,false,false,true,false,false,false,false,false,false,true,false,false,false,false,true,false,false,true,false,false,true,true,false,false,false,false,true,false,false,false,true,false,false,false,true,true,false,false,true,true,false,false,true,1045440,bytes,7700
false,false,true,true,true,true,true,true,false,true,false,true,false,false,false,false,false,false,false,false,false,true,false,false,false,false,false,false,false,false,false,true,false,false,false,false,false,false,true,false,false,true,true,false,false,false,false,true,false,false,true,true,true,true,false,false,false,false,false,false,false,true,false,false,true,false,false,true,false,991816,bytes,7310
false,true,true,true,true,false,false,true,true,false,false,true,false,true,false,false,false,true,false,false,false,false,false,false,false,false,false,false,false,false,false,false,false,false,false,false,false,false,true,false,false,true,true,false,false,false,true,false,false,true,true,true,true,false,false,false,false,true,false,false,true,true,false,true,true,false,false,false,false,991816,bytes,7310
true,true,false,false,false,true,true,false,true,false,true,false,true,false,false,true,false,false,false,false,false,false,false,false,false,false,false,false,false,false,false,true,false,false,false,false,false,false,false,false,false,false,false,true,false,true,true,false,false,true,true,true,false,true,false,false,false,true,false,true,false,true,false,false,false,true,true,true,true,991816,bytes,7310
false,true,false,true,true,false,true,true,false,false,true,true,false,true,false,false,false,false,false,false,false,false,false,false,false,false,true,false,false,false,false,false,false,false,false,false,false,false,false,true,false,true,true,false,false,false,false,false,true,false,false,false,true,false,true,true,false,false,false,false,false,false,false,false,true,false,false,true,false,1075688,bytes,7793
false,false,false,true,true,true,true,true,false,false,false,false,false,false,false,false,false,false,false,false,false,false,false,false,true,false,false,false,false,false,false,false,false,false,false,false,false,false,false,true,false,false,true,false,false,true,true,false,true,false,false,false,false,false,false,true,true,false,false,false,false,true,false,false,false,true,false,false,false,1138776,bytes,8341
false,true,false,true,false,true,true,true,false,false,true,false,false,false,false,false,false,false,false,false,true,false,false,false,false,false,false,false,false,false,false,false,false,false,false,false,false,true,false,false,true,true,false,false,true,true,true,false,false,true,true,true,true,true,false,true,false,true,false,true,false,false,false,true,false,false,false,false,true,1138776,bytes,8341
false,true,true,true,false,true,false,true,true,false,false,false,false,false,false,false,false,false,false,false,false,false,true,false,false,false,false,false,false,false,false,false,true,false,false,false,false,false,false,true,false,true,false,false,true,true,true,true,false,false,true,false,true,true,false,true,false,true,false,false,true,false,false,false,false,false,true,true,true,1011112,bytes,7507
false,true,true,true,false,true,true,false,false,true,true,true,false,true,false,false,false,false,false,false,false,false,true,false,false,true,false,false,false,false,false,false,false,false,false,true,false,false,true,false,false,false,false,false,false,true,false,true,false,false,true,true,false,true,true,true,false,true,false,false,true,false,false,false,false,false,true,false,false,1062552,bytes,8061
false,true,true,false,true,false,false,false,true,true,true,true,true,true,false,false,false,false,false,true,false,false,false,false,false,false,false,true,false,false,false,false,false,false,false,false,false,false,true,false,false,false,false,false,true,false,false,false,false,true,false,true,true,true,false,false,true,false,false,true,false,true,false,false,true,true,false,false,true,1062552,bytes,8061
false,true,true,false,true,false,true,false,true,false,true,true,true,true,false,false,false,true,false,false,false,false,false,false,false,false,false,false,true,false,false,false,false,false,true,false,false,false,false,true,false,false,false,false,true,true,true,false,false,false,false,false,false,true,true,true,false,false,false,false,false,false,false,true,true,false,false,false,false,1072840,bytes,7912
true,true,false,false,true,true,true,false,true,false,true,true,false,false,false,false,false,false,false,false,true,false,false,false,true,false,false,false,false,false,false,false,false,false,false,false,false,false,false,true,false,false,false,false,true,false,true,false,false,true,true,true,true,true,false,false,true,false,false,false,true,false,false,false,false,true,true,true,true,1072840,bytes,7912
false,true,true,false,true,true,true,true,false,true,true,false,true,false,false,false,false,false,false,false,false,false,true,false,false,true,false,false,false,false,false,false,false,false,false,false,false,false,false,false,true,true,false,false,true,true,true,true,false,false,true,true,false,false,true,true,true,false,true,false,false,false,false,false,true,true,false,false,true,1081808,bytes,7821
true,true,false,false,true,true,true,false,true,true,false,true,false,false,false,false,true,false,false,false,false,false,false,false,false,false,true,false,false,false,false,false,false,false,false,false,false,false,false,true,false,true,false,false,true,false,false,true,false,false,false,false,false,false,false,false,true,false,false,true,false,true,false,true,false,false,false,false,false,1013976,bytes,7638
true,false,true,false,false,true,true,true,true,false,true,true,true,false,false,false,false,false,false,false,false,false,false,false,false,false,false,false,false,false,true,false,false,false,false,false,false,false,false,false,true,true,true,false,false,true,true,false,false,true,true,true,true,false,false,true,false,true,false,false,false,false,false,true,false,false,false,false,true,1013976,bytes,7638
true,false,true,false,true,true,false,false,true,false,false,false,true,true,false,true,false,false,false,false,false,false,false,false,false,false,false,false,false,false,false,true,false,false,false,false,false,false,false,false,true,true,false,false,false,false,true,false,true,false,false,false,true,false,false,true,true,false,false,true,false,true,false,false,true,true,false,false,true,1075240,bytes,7694
false,true,false,true,true,false,false,false,false,false,false,false,true,true,false,false,false,false,false,false,false,false,false,true,false,false,false,false,false,false,false,false,true,false,false,false,true,false,false,false,false,true,true,false,false,true,true,false,false,true,false,false,false,false,false,false,false,true,false,false,true,true,false,false,false,true,false,false,false,1075240,bytes,7694
true,true,false,true,true,true,false,true,false,false,false,true,false,false,false,false,false,false,true,false,false,false,false,false,false,false,true,false,false,false,false,false,false,false,false,false,false,false,false,false,false,false,false,false,false,false,true,false,false,false,false,false,false,true,true,false,false,true,false,false,true,true,false,false,false,true,true,false,false,1165000,bytes,8480
true,true,false,false,false,false,false,false,true,true,false,true,false,true,false,false,false,false,false,false,true,false,false,false,false,false,false,false,false,false,false,false,true,true,false,false,false,false,false,false,false,false,false,true,false,false,true,true,false,false,false,true,true,false,false,false,true,false,true,false,false,true,false,false,false,false,true,true,false,1047224,bytes,7534
false,false,true,false,false,true,false,true,true,false,true,true,false,false,false,false,false,false,false,true,false,false,false,false,false,false,false,false,false,false,false,false,false,false,false,false,false,false,false,false,false,false,false,true,false,true,true,false,false,true,true,false,true,true,true,false,false,false,false,true,false,true,false,false,false,false,false,true,true,1047224,bytes,7534
false,false,false,true,false,false,true,true,false,false,false,false,false,false,false,false,false,false,false,false,false,true,false,false,false,false,false,false,true,false,false,false,false,false,false,false,false,false,false,true,false,false,true,false,false,true,false,true,false,false,false,true,true,false,true,false,false,true,false,true,false,true,false,false,false,false,true,true,true,1089656,bytes,8078
false,false,false,false,true,true,false,true,false,true,false,true,false,true,false,false,false,false,false,false,false,false,false,false,false,false,false,false,false,false,false,true,false,false,false,false,false,false,false,false,false,false,true,false,false,true,false,false,false,false,true,false,false,true,false,true,true,false,false,false,false,false,false,true,false,false,false,false,true,1218992,bytes,8678
false,true,false,true,true,false,false,false,false,false,true,true,false,false,false,false,true,false,false,false,false,false,false,false,false,false,false,false,false,false,false,false,true,false,false,false,false,false,false,false,true,true,false,false,true,true,false,false,true,false,false,true,true,true,false,true,false,true,false,true,false,false,false,false,true,true,false,true,false,1085272,bytes,7770
false,false,true,false,false,false,true,false,false,true,true,true,true,false,false,false,false,false,false,false,false,false,true,false,false,true,false,false,false,false,false,false,false,false,false,false,false,false,true,false,false,true,false,false,false,false,false,false,true,false,true,true,false,true,false,true,false,false,false,false,true,false,false,false,false,true,false,false,false,1016168,bytes,7658
true,false,false,true,true,true,true,true,false,true,true,false,true,false,false,false,false,true,false,false,false,false,false,false,false,false,false,false,false,false,false,true,false,false,false,false,false,false,true,false,false,false,false,true,false,true,false,false,true,false,false,true,false,false,false,true,false,true,false,false,true,false,false,false,true,true,false,true,false,1002216,bytes,7786
true,false,true,true,false,false,false,false,true,false,true,false,false,false,false,false,false,true,false,false,false,false,false,false,false,false,true,false,false,false,false,false,false,false,false,false,false,false,true,false,false,false,false,false,true,true,true,false,true,false,false,true,false,true,true,false,false,true,true,false,false,true,false,false,false,false,true,true,false,1071912,bytes,8057
true,false,false,false,false,false,true,false,false,true,false,true,true,false,false,false,false,false,false,false,false,false,true,false,false,false,false,false,true,false,false,false,false,false,false,false,false,true,false,false,true,false,false,false,true,true,true,false,false,true,false,false,true,true,false,false,false,true,true,false,false,false,false,true,false,false,false,false,true,1071912,bytes,8057
false,true,false,false,false,true,true,true,true,false,false,false,false,true,false,false,true,false,false,false,false,false,false,false,false,false,true,false,false,false,false,false,false,false,false,false,false,false,true,false,false,true,false,false,true,false,false,false,true,false,true,true,false,false,false,false,false,true,true,false,false,true,false,true,false,false,false,false,true,1005864,bytes,7573
false,false,false,true,false,false,false,true,false,true,true,true,true,false,false,false,false,false,true,false,false,false,false,false,false,false,false,false,false,false,false,false,false,false,false,false,false,false,false,true,false,false,true,false,false,false,false,false,true,false,false,false,true,true,true,false,false,false,true,false,false,true,false,false,false,true,true,false,true,1143136,bytes,8463
false,true,true,true,true,true,false,false,true,false,true,false,true,true,false,false,false,false,false,false,false,false,true,false,false,false,false,false,false,true,false,false,false,false,false,false,false,false,false,false,false,false,true,false,false,true,false,false,false,true,true,true,true,false,true,true,true,false,false,true,false,false,false,true,true,false,false,true,true,1143136,bytes,8463
true,true,true,true,false,true,false,false,true,false,true,false,true,false,false,true,false,false,false,false,false,false,false,false,true,false,false,false,false,false,false,false,false,false,false,false,false,false,false,false,false,false,false,true,false,true,true,false,false,true,true,false,false,true,false,true,false,true,false,false,true,true,false,false,false,true,true,false,true,1143136,bytes,8463
true,true,false,true,false,false,false,true,true,false,false,true,true,false,false,false,false,false,false,false,false,false,true,false,false,false,false,false,false,false,false,false,true,false,false,false,false,false,true,false,false,true,false,false,true,false,true,false,true,false,true,true,true,true,true,true,true,false,false,false,true,true,false,true,false,false,false,false,false,995128,bytes,7318
false,false,true,true,false,true,false,true,false,false,false,false,true,true,false,false,false,false,false,false,false,false,false,true,false,false,false,true,false,false,false,false,false,false,false,false,false,false,false,false,true,true,true,false,false,false,true,false,false,true,true,true,true,true,true,false,false,true,true,false,false,true,false,true,false,false,true,true,false,995128,bytes,7318
true,false,false,false,true,false,false,false,true,false,true,false,false,false,false,false,false,false,true,false,false,false,false,false,false,false,false,false,true,false,false,false,false,false,false,false,false,false,false,false,true,true,true,false,false,true,true,true,false,false,false,false,true,true,true,true,false,false,false,true,false,true,false,false,true,true,false,false,true,1085272,bytes,7755
true,true,true,false,false,true,false,false,true,true,false,true,false,false,false,false,false,false,false,false,false,false,false,false,false,false,false,false,false,false,false,false,false,false,false,false,false,false,true,false,false,false,false,false,true,true,true,false,true,false,true,false,false,false,true,true,true,false,true,false,false,false,false,false,false,false,false,true,true,1156664,bytes,8653
true,false,false,true,false,false,true,true,false,false,true,true,true,true,false,false,false,false,false,false,false,false,false,true,false,false,false,false,false,false,false,false,true,false,false,false,false,false,true,false,false,false,false,false,true,true,true,false,false,true,true,false,true,true,false,false,false,false,true,false,false,true,false,false,true,false,false,true,true,1156664,bytes,8653
false,false,false,true,true,false,false,true,true,false,true,false,false,true,false,false,false,false,false,false,true,false,false,false,false,false,true,false,false,false,false,false,false,false,false,false,false,false,true,false,false,true,false,false,true,true,true,false,true,false,false,true,false,false,false,false,false,false,false,true,false,false,false,false,false,false,true,true,false,1012544,bytes,7505
true,false,false,false,false,true,false,true,true,true,true,false,true,false,false,false,false,true,false,false,false,false,false,false,false,false,false,false,false,false,false,true,false,false,false,false,false,false,false,false,false,false,false,true,false,true,true,false,false,true,false,true,true,false,true,true,true,false,false,false,false,false,false,true,false,false,true,true,true,1012544,bytes,7505
true,true,false,false,true,true,true,false,false,true,true,false,true,false,false,false,false,true,false,false,false,false,false,false,false,true,false,false,false,false,false,false,false,false,false,false,false,false,true,false,false,true,false,false,false,false,true,false,false,false,true,false,false,true,true,true,true,false,false,false,false,false,false,false,true,false,false,false,true,995136,bytes,7392
false,false,true,true,true,true,true,false,false,false,false,false,true,false,false,false,true,false,false,false,false,false,false,false,true,false,false,false,false,false,false,false,false,false,false,false,false,false,false,false,false,false,false,true,false,true,true,false,true,false,false,false,true,false,false,true,false,false,true,false,false,false,false,false,true,false,false,false,true,1055680,bytes,7805
false,true,true,true,false,false,false,false,true,false,false,false,false,true,false,false,false,false,true,false,false,false,false,false,false,false,false,false,false,false,false,true,false,false,false,false,false,false,false,false,false,true,false,false,true,false,true,false,false,false,false,false,false,true,false,true,false,true,true,false,false,false,false,true,true,false,false,true,true,1092144,bytes,7839
false,true,true,true,false,false,true,true,true,false,false,false,true,true,false,false,false,false,false,false,false,false,false,false,false,false,false,false,false,true,false,false,false,false,false,false,false,false,false,true,false,false,true,false,false,true,false,false,false,true,true,true,true,true,false,false,false,true,false,false,false,false,false,true,false,false,false,true,true,1092144,bytes,7839
true,false,true,false,false,true,true,true,true,false,true,false,false,true,false,false,false,false,false,false,false,false,false,true,false,true,false,false,false,false,false,false,false,false,false,false,false,false,true,false,false,false,false,true,false,true,false,true,false,false,true,false,true,true,false,false,true,false,true,false,false,true,false,false,true,false,false,true,true,989680,bytes,7845
true,false,false,false,true,true,false,false,true,false,false,false,true,false,false,false,false,false,false,false,false,false,false,true,true,false,false,false,false,false,false,false,false,false,false,true,false,false,false,false,false,false,false,false,true,true,false,true,false,false,false,true,false,true,true,false,true,false,false,false,true,false,false,false,true,true,false,false,true,1142128,bytes,8266
true,false,true,false,false,true,false,false,false,false,true,false,false,false,false,false,false,true,false,false,false,false,false,false,false,false,false,true,false,false,false,false,false,false,false,false,false,false,false,true,false,true,false,false,false,false,false,false,true,false,true,true,false,false,false,true,false,false,false,true,false,false,false,false,true,false,false,false,true,1018520,bytes,7498
true,true,true,true,false,false,false,false,false,true,true,true,true,false,false,false,false,false,false,false,false,false,true,false,false,false,false,true,false,false,false,false,false,false,false,false,false,false,true,false,false,false,false,false,true,true,true,true,false,false,true,true,false,false,true,false,true,false,true,false,false,false,false,false,false,true,true,false,false,1076120,bytes,8054
false,false,false,true,false,false,false,false,true,true,false,false,false,false,false,false,false,false,false,false,false,false,true,false,false,false,false,true,false,false,false,false,false,false,true,false,false,false,false,false,true,false,false,false,true,false,true,true,false,false,false,true,false,false,false,false,false,true,false,true,false,false,false,false,false,true,true,true,true,1138840,bytes,8159
true,true,true,false,false,false,true,true,true,false,false,false,true,false,false,false,false,false,false,true,false,false,false,false,false,true,false,false,false,false,false,false,false,false,false,true,false,false,true,false,false,false,false,true,false,true,true,true,false,false,true,false,true,true,false,false,false,true,false,false,true,false,false,false,false,true,true,false,true,972992,bytes,7551
false,true,false,false,false,false,false,true,true,false,true,true,true,true,false,false,false,false,false,false,false,false,false,false,false,false,false,false,false,true,false,false,false,false,false,false,false,false,false,true,false,true,false,false,true,false,false,false,true,false,false,true,false,true,false,true,true,false,false,true,false,true,false,true,false,false,true,true,true,1083032,bytes,7886
true,false,true,false,false,true,false,false,true,false,true,true,true,true,false,false,true,false,false,false,false,false,false,false,false,false,false,false,false,false,true,false,false,false,false,false,false,false,false,false,false,false,false,false,false,true,false,true,false,false,true,true,true,true,false,false,true,false,true,false,false,false,false,false,true,true,false,false,false,1158368,bytes,8440
true,false,true,false,true,false,true,true,false,true,true,false,true,true,false,false,false,false,false,false,false,false,false,false,false,false,false,false,false,true,false,false,false,false,false,false,false,false,true,false,false,false,false,true,false,false,false,false,false,false,false,false,true,false,false,false,false,true,false,true,false,true,false,true,false,false,true,false,false,1041200,bytes,7971
false,false,true,true,true,true,false,true,false,true,false,true,true,false,false,false,false,false,false,false,false,false,true,false,false,false,false,false,false,false,true,false,false,false,false,true,false,false,false,false,true,false,false,false,false,true,false,true,false,false,false,true,false,true,false,false,false,true,false,false,true,false,false,false,false,false,true,false,false,1132200,bytes,8083
false,false,false,false,true,false,false,false,false,false,false,true,false,true,false,false,false,false,false,false,false,true,false,false,false,false,false,false,false,false,false,false,true,false,false,false,false,false,false,false,true,false,false,false,true,true,false,false,false,true,true,false,true,true,false,true,false,true,false,true,false,false,false,false,false,false,true,false,false,1132200,bytes,8083
false,false,true,false,false,false,true,true,false,false,false,true,true,true,false,false,false,false,false,false,false,false,true,false,false,false,false,false,false,false,false,false,false,false,false,false,false,false,false,false,true,false,false,true,false,true,true,false,true,false,false,false,false,false,true,true,true,false,false,false,true,false,false,false,false,false,true,false,false,1115584,bytes,8148
false,false,true,true,false,true,true,false,true,false,true,false,false,false,false,false,false,false,false,false,false,false,true,false,false,true,false,false,false,false,false,false,false,false,false,false,false,false,false,true,false,false,false,true,false,false,true,false,true,false,true,true,false,false,true,false,true,false,false,true,false,false,false,false,false,false,true,false,false,1000856,bytes,7775
false,false,false,true,true,true,false,false,false,false,true,false,true,false,false,false,false,false,false,false,false,true,false,false,false,false,false,false,false,false,true,false,false,false,false,false,false,false,false,false,true,true,false,false,false,false,true,false,false,true,false,false,false,true,false,true,true,false,false,true,false,true,false,false,false,true,true,true,false,1000856,bytes,7775
false,false,false,false,true,true,false,false,false,false,false,false,false,true,false,true,false,false,false,false,false,false,false,false,false,true,false,false,false,false,false,false,false,false,false,false,false,false,false,true,false,false,false,false,false,true,false,false,false,true,true,false,true,true,false,false,false,false,false,false,true,false,false,true,false,false,false,true,false,1000856,bytes,7775
true,true,true,false,false,false,true,false,false,false,true,true,false,true,false,false,false,true,false,false,false,false,false,false,false,false,true,false,false,false,false,false,false,false,false,false,false,false,false,false,false,false,false,true,false,true,true,false,false,true,true,false,false,true,false,false,true,false,false,true,false,false,false,true,true,false,false,false,false,1000856,bytes,7775
true,true,true,false,false,true,false,false,true,true,false,true,true,true,false,false,false,false,false,false,false,false,true,false,true,false,false,false,false,false,false,false,false,false,false,false,true,false,true,false,false,false,false,true,false,false,false,false,true,false,true,false,true,false,false,false,false,false,false,false,true,false,false,false,false,false,false,true,false,952096,bytes,7292
false,false,false,true,true,true,false,false,true,false,true,true,true,false,false,true,false,false,false,false,false,false,false,false,false,false,false,false,false,false,false,true,false,false,false,false,false,false,false,false,false,true,false,false,true,false,false,false,false,true,true,false,false,true,true,false,true,false,true,false,false,true,false,true,false,false,false,true,true,952096,bytes,7292
false,false,false,true,true,false,false,false,false,false,false,false,true,false,false,true,false,false,false,false,false,false,false,false,false,false,true,false,false,false,false,false,false,false,false,false,false,false,false,false,true,true,false,false,false,true,true,false,false,false,false,false,true,false,true,false,false,false,false,false,false,false,false,true,false,false,false,true,false,1070592,bytes,7734
false,false,false,false,false,false,true,false,true,true,false,false,true,true,false,false,true,false,false,false,false,false,false,false,false,false,true,false,false,false,false,false,false,false,false,false,false,false,false,false,true,false,true,false,false,true,true,false,false,true,false,true,true,false,false,true,false,false,true,false,false,true,false,false,true,true,false,false,true,1070592,bytes,7734
true,false,true,true,true,true,true,false,true,false,false,false,true,false,false,true,false,false,false,false,false,false,false,false,false,false,true,false,false,false,false,false,false,false,false,false,false,false,false,true,false,false,false,false,false,true,false,false,true,false,true,true,true,true,false,true,true,false,true,false,false,false,false,true,true,false,false,false,false,1073688,bytes,7967
true,true,true,false,false,true,true,true,false,false,true,true,false,true,false,false,false,false,false,false,false,false,false,true,false,true,false,false,false,false,false,false,false,false,false,false,false,false,false,false,true,false,true,false,false,false,true,false,false,true,false,false,true,false,false,false,false,false,false,true,false,false,false,false,true,true,false,false,true,1073688,bytes,7967
false,true,false,true,false,false,false,true,true,true,false,true,false,true,false,false,false,false,false,false,false,false,false,true,false,false,false,false,false,false,false,false,true,false,false,false,false,false,true,false,false,false,true,false,false,true,true,false,true,false,false,true,true,false,false,true,false,true,false,false,true,true,false,false,false,false,true,true,true,1069584,bytes,7977
true,false,false,false,false,true,true,false,true,true,false,false,false,true,false,false,false,false,false,false,false,true,false,false,false,true,false,false,false,false,false,false,false,false,false,false,false,false,true,false,false,false,false,true,false,false,false,false,true,false,false,true,false,false,true,false,false,true,false,true,false,false,false,true,false,false,false,false,true,977696,bytes,7660
false,false,false,false,true,true,false,false,true,false,false,false,true,false,false,true,false,false,false,false,false,false,false,false,false,false,false,false,true,false,false,false,false,false,false,false,false,false,false,false,false,false,false,true,false,true,true,false,false,true,false,true,false,true,true,true,false,false,false,false,true,true,false,false,false,true,false,true,false,977696,bytes,7660
true,true,false,false,false,true,true,true,false,false,false,false,true,true,false,false,false,false,false,false,false,true,false,false,false,false,false,true,false,false,false,false,false,false,true,false,false,false,false,true,false,false,false,true,false,false,false,true,false,false,false,true,false,false,false,true,true,false,false,false,true,false,false,false,false,false,true,true,true,984816,bytes,7378
true,true,true,true,false,true,false,false,true,false,false,false,true,false,false,false,true,false,false,false,false,false,false,false,false,false,false,false,false,false,false,true,false,false,false,false,false,false,false,false,false,true,false,false,false,false,false,true,false,false,true,false,true,true,true,false,false,false,false,true,false,true,false,false,false,true,true,true,false,1080816,bytes,7769
false,true,true,false,false,true,false,true,true,false,false,true,false,false,false,false,false,false,false,false,false,false,false,false,false,false,false,false,false,true,false,false,false,false,false,false,false,false,true,false,false,false,false,false,true,true,false,false,false,false,true,false,false,false,false,false,true,false,false,true,false,true,false,true,false,false,true,false,true,1129304,bytes,8335
false,true,true,false,true,true,false,false,false,true,false,false,true,true,false,false,false,false,false,false,false,true,false,false,false,false,false,false,false,false,false,false,false,false,false,false,false,false,true,false,false,false,true,false,false,true,true,false,true,false,false,false,true,false,true,true,false,true,false,false,false,true,false,false,false,false,false,true,false,1135696,bytes,8407
false,false,false,false,true,false,false,false,true,true,true,true,false,false,false,false,false,false,false,false,false,false,false,true,false,false,false,false,false,false,false,false,true,false,false,false,false,false,false,true,false,true,false,false,true,true,false,false,false,true,true,true,true,true,false,true,true,false,false,false,false,true,false,false,true,false,false,true,true,1135696,bytes,8407
true,true,true,false,true,false,true,false,true,false,true,true,false,false,false,false,false,false,false,false,false,false,false,false,false,false,false,false,false,false,false,true,false,false,false,false,false,false,false,false,false,false,false,true,false,true,true,true,false,false,false,true,false,false,true,false,false,true,true,false,false,false,false,false,true,true,false,false,true,1123792,bytes,8177
false,true,true,true,false,true,true,true,false,false,false,true,false,true,false,false,false,true,false,false,false,false,false,false,false,false,true,false,false,false,false,false,false,false,false,false,false,false,false,false,true,false,false,true,false,true,true,false,false,true,true,false,false,false,true,false,false,true,false,false,true,true,false,false,false,true,true,true,true,1123792,bytes,8177
true,true,true,false,false,true,true,true,true,false,false,true,true,false,false,false,false,false,false,false,false,false,true,false,false,false,true,false,false,false,false,false,false,false,false,false,false,false,false,false,false,true,false,false,false,false,false,false,false,false,true,false,false,false,true,true,false,true,true,false,false,true,false,true,false,false,false,true,true,1084400,bytes,7751
true,false,false,true,false,true,false,false,false,true,false,false,false,true,false,false,false,false,false,false,false,false,false,true,false,false,false,false,false,false,false,true,false,false,false,false,false,false,false,true,false,true,true,false,false,true,false,false,false,true,true,false,true,false,true,true,false,false,false,true,false,true,false,true,false,false,false,false,false,1084400,bytes,7751
false,true,false,true,false,true,true,false,true,true,true,true,false,true,false,false,false,false,false,false,true,false,false,false,false,false,false,true,false,false,false,false,false,false,false,false,false,false,true,false,false,true,true,false,false,false,true,true,false,false,false,false,false,false,true,true,false,true,false,false,true,false,false,true,true,false,false,false,true,1004720,bytes,7367
true,true,true,false,true,true,true,true,true,false,true,false,false,true,false,false,true,false,false,false,false,false,false,false,false,false,false,false,true,false,false,false,false,false,false,false,false,false,false,true,false,false,false,true,false,false,true,false,false,false,false,true,true,false,true,true,false,true,false,true,false,true,false,false,false,true,true,true,false,995424,bytes,7543
false,false,false,true,true,false,true,true,true,false,false,true,true,true,false,true,false,false,false,false,false,false,false,false,true,false,false,false,false,false,false,false,false,false,false,false,false,false,false,false,true,true,false,false,false,true,false,false,true,false,true,true,true,false,true,false,false,true,false,true,false,false,false,true,false,false,true,false,true,1044792,bytes,7539
true,false,true,true,true,true,true,true,true,false,false,false,false,true,false,false,false,false,false,false,false,false,false,false,false,false,false,false,false,false,false,false,true,false,false,false,false,true,false,false,false,false,false,false,true,true,true,false,false,true,true,true,false,false,true,true,true,false,true,false,false,true,false,false,false,false,false,true,false,1044792,bytes,7539
false,false,false,false,true,true,false,true,false,false,true,true,true,false,false,false,false,false,false,false,false,false,false,false,false,false,true,false,false,false,false,false,false,false,false,false,false,false,false,true,false,false,true,false,false,false,true,false,false,true,true,true,true,false,false,true,false,true,true,false,false,true,false,true,false,false,false,false,true,1044792,bytes,7539
true,false,true,false,true,false,true,true,false,false,false,true,false,true,false,false,false,false,false,false,false,false,false,true,false,false,false,false,false,true,false,false,false,false,false,false,false,false,false,false,false,true,true,false,false,false,true,true,false,false,false,true,false,true,true,false,false,false,true,false,false,false,false,true,true,false,false,false,false,1088120,bytes,7846
false,false,true,false,true,false,false,false,true,false,true,false,false,true,false,false,false,false,false,false,true,false,false,false,false,false,false,false,false,false,false,false,false,false,false,false,false,false,false,false,true,false,false,false,true,false,true,true,false,false,false,true,false,true,true,false,true,false,false,true,false,true,false,false,true,false,false,true,true,1211480,bytes,8852
false,true,false,true,true,true,false,false,true,true,true,true,false,false,false,false,false,false,false,false,false,false,false,false,false,false,false,false,false,true,false,false,false,false,false,false,false,false,true,false,false,false,true,false,false,true,true,true,false,false,true,false,false,false,true,true,false,false,false,false,true,true,false,false,true,true,false,true,false,1143016,bytes,8506
true,true,false,false,true,false,false,false,true,true,true,true,false,false,false,true,false,false,false,false,false,false,false,false,false,false,false,false,false,false,false,false,false,false,false,true,false,false,false,true,false,false,false,false,true,false,true,true,false,false,false,true,true,false,false,true,false,true,false,true,false,true,false,false,false,false,true,false,false,1121480,bytes,8180
false,true,true,true,false,false,true,false,false,false,false,false,false,true,false,false,true,false,false,false,false,false,false,false,false,false,false,true,false,false,false,false,false,false,false,false,false,true,false,false,false,false,true,false,false,false,false,false,false,true,false,false,true,false,true,true,true,false,false,true,false,true,false,true,false,false,true,false,false,1121480,bytes,8180
false,true,true,false,true,false,false,true,true,false,false,false,true,true,false,false,true,false,false,false,false,false,false,false,false,false,false,false,false,false,false,false,false,false,false,false,false,false,false,false,true,false,false,true,false,true,false,false,false,false,false,false,true,true,true,true,false,true,false,false,true,false,false,true,false,false,true,false,true,1116752,bytes,8175
true,true,false,false,true,true,false,true,true,true,true,true,true,false,false,false,false,false,false,false,true,false,false,false,false,false,false,false,false,false,false,true,false,false,false,false,false,false,false,false,true,true,false,false,true,false,true,false,true,false,true,false,false,true,false,true,false,true,false,false,true,false,false,true,true,false,false,false,false,1091120,bytes,7806
true,false,false,true,false,true,false,true,true,true,true,false,false,false,false,false,false,false,false,true,false,false,false,false,false,true,false,false,false,false,false,false,false,false,false,false,false,false,false,false,true,false,false,false,false,true,false,false,false,true,true,false,true,true,true,true,true,false,true,false,false,false,false,false,false,true,false,false,true,1091120,bytes,7806
true,false,false,false,false,false,false,true,true,false,false,true,true,true,false,false,false,false,false,false,false,false,false,false,true,false,false,false,false,false,false,false,false,false,false,false,false,false,false,true,false,true,true,false,false,false,false,false,true,false,true,false,false,true,true,true,true,false,false,true,false,false,false,false,false,false,true,false,true,1056640,bytes,7768
false,false,true,true,false,true,false,false,true,true,false,false,true,false,false,true,false,false,false,false,false,false,false,false,false,false,false,true,false,false,false,false,false,false,false,false,false,false,false,false,true,false,true,false,false,false,true,true,false,false,true,false,false,true,false,false,true,false,true,false,false,false,false,false,true,true,false,true,false,1145848,bytes,8311
true,false,true,false,false,true,true,false,true,false,false,true,true,false,false,false,true,false,false,false,false,false,false,false,false,false,false,false,true,false,false,false,false,false,false,false,false,false,true,false,false,true,false,false,true,true,false,true,false,false,true,true,false,true,false,false,true,false,false,false,false,false,false,false,false,false,false,false,false,1010584,bytes,7588
true,true,false,false,true,true,false,false,true,false,true,true,false,false,false,false,false,false,false,false,false,false,true,false,false,true,false,false,false,false,false,false,false,false,false,false,false,false,false,true,false,false,true,false,false,false,false,false,false,false,false,false,false,false,false,false,false,false,false,true,false,true,false,true,false,false,false,false,false,1076136,bytes,8018
false,false,true,false,false,false,false,true,false,true,true,false,true,true,false,false,false,false,false,false,true,false,false,false,false,false,false,false,false,true,false,false,false,true,false,false,false,false,false,false,true,false,true,false,false,true,true,true,false,false,true,true,false,true,true,true,false,false,false,false,true,false,false,true,true,false,false,true,true,1133888,bytes,8094
false,false,false,true,false,true,true,true,true,true,true,true,true,false,false,false,false,false,false,false,false,true,false,false,false,false,false,false,false,false,false,false,true,false,false,false,false,false,false,true,false,true,false,false,false,false,false,false,true,false,false,false,false,true,true,true,true,false,false,true,false,false,false,false,false,true,true,true,true,1014424,bytes,7556
false,false,true,true,false,false,true,true,true,true,false,true,false,false,false,false,false,true,false,false,false,false,false,false,false,false,true,false,false,false,false,false,false,false,false,false,false,false,true,false,false,false,false,false,true,false,true,false,false,true,true,false,true,false,false,false,false,false,false,true,false,true,false,false,false,true,true,true,true,1014424,bytes,7556
false,false,false,true,false,false,false,true,true,false,true,false,false,false,false,true,false,false,false,false,false,false,false,false,false,false,false,false,false,false,false,false,true,false,false,false,false,false,false,false,false,true,false,false,false,false,true,false,false,false,false,true,true,true,false,true,false,false,false,true,false,true,false,false,true,true,false,false,true,1077632,bytes,7712
true,false,true,true,false,true,true,true,false,true,false,true,false,false,false,false,false,false,true,false,false,false,false,false,false,true,false,false,false,false,false,false,false,false,false,false,false,false,false,false,false,true,true,false,false,false,false,false,false,false,true,false,false,false,false,false,false,true,false,true,false,false,false,true,false,false,true,true,true,1084888,bytes,7841
true,true,false,false,false,false,true,false,true,true,false,true,false,true,false,false,false,false,false,false,false,true,false,false,false,false,false,false,false,false,true,false,false,false,false,false,false,false,false,false,true,true,false,false,true,true,true,false,true,false,true,false,true,false,false,true,true,false,false,true,false,true,false,false,true,true,false,true,false,1078072,bytes,7713
false,false,false,true,false,true,false,false,false,true,true,false,false,true,false,false,false,false,false,false,false,false,false,true,false,false,false,true,false,false,false,false,false,false,false,false,false,false,false,true,false,true,false,false,false,true,true,true,false,false,false,false,true,true,true,false,false,false,false,true,false,false,false,false,true,true,false,true,true,1014280,bytes,7550
false,true,false,false,true,true,true,false,true,false,true,false,true,true,false,false,false,true,false,false,false,false,false,false,false,false,false,false,false,false,false,false,false,false,false,false,false,false,false,false,true,false,false,true,false,true,false,false,false,true,false,true,true,true,false,false,false,true,false,false,true,false,false,false,false,true,false,false,false,1014280,bytes,7550
false,false,false,false,false,true,false,true,false,false,false,false,false,true,false,false,false,false,false,false,false,false,true,false,true,false,false,false,false,false,false,false,false,false,false,false,true,false,false,false,true,true,true,false,false,false,false,true,false,false,true,true,true,true,false,false,false,false,false,true,false,true,false,false,false,true,true,false,true,1062416,bytes,7615
true,false,false,false,true,false,false,false,true,false,false,false,false,true,false,true,false,false,false,false,false,false,false,false,false,true,false,false,false,false,false,false,false,false,false,false,false,false,true,false,false,true,false,false,true,true,false,false,true,false,false,true,false,true,false,true,true,false,true,false,false,true,false,false,false,false,true,true,false,994312,bytes,7486
true,false,true,false,true,false,true,false,false,true,true,false,true,true,false,false,false,false,false,false,false,false,false,false,false,false,false,false,false,false,false,false,false,false,false,false,false,false,false,false,true,true,true,false,false,true,true,false,true,false,true,true,false,false,false,true,true,false,false,false,true,false,false,false,false,true,false,false,false,1173704,bytes,8361
false,true,true,false,true,false,false,false,true,true,false,false,true,false,false,false,true,false,false,false,false,false,false,false,false,false,false,false,false,false,true,false,false,false,false,false,false,false,false,false,false,false,true,false,false,true,false,true,false,false,true,true,false,true,false,true,false,false,false,true,false,true,false,false,false,true,true,false,true,1176648,bytes,8539
false,false,true,false,true,false,false,false,false,false,true,true,true,false,false,false,false,true,false,false,false,false,false,false,false,false,false,false,false,false,false,true,false,false,false,false,false,false,false,false,false,true,false,false,true,false,true,false,false,true,false,false,false,false,true,false,true,false,true,false,false,true,false,false,false,false,true,false,false,1176648,bytes,8539
false,false,true,true,true,true,false,false,true,false,false,false,false,true,false,false,false,false,false,false,false,true,false,false,false,false,false,true,false,false,false,false,false,false,false,false,false,false,false,true,false,false,false,false,false,false,true,false,false,true,false,false,true,false,false,false,true,false,false,true,false,true,false,false,false,true,true,false,false,1176648,bytes,8539
false,false,false,true,false,false,true,false,false,false,true,false,true,false,false,false,true,false,false,false,false,false,false,false,true,false,false,false,false,false,false,false,false,false,false,false,false,false,true,false,false,true,false,false,true,true,true,false,false,true,false,false,false,false,false,true,false,true,false,true,false,true,false,false,false,false,true,true,true,1176648,bytes,8539
true,true,false,true,false,false,false,false,true,true,false,false,false,true,false,false,false,false,false,false,false,false,false,true,false,false,false,false,false,false,false,true,false,false,false,false,false,false,false,false,false,false,true,false,false,true,true,false,true,false,true,false,false,true,true,false,false,true,false,true,false,true,false,false,false,true,false,false,true,1168184,bytes,8461
true,true,true,true,false,false,true,true,false,true,true,true,false,false,false,false,true,false,false,false,false,false,false,false,true,false,false,false,false,false,false,false,false,false,false,false,false,false,false,true,false,false,false,false,true,true,true,true,false,false,false,false,false,false,true,true,false,false,false,false,true,false,false,true,true,false,false,false,false,1078872,bytes,8095
true,false,true,true,true,true,true,false,true,true,false,true,true,true,false,false,false,false,false,true,false,false,false,false,false,false,false,false,false,false,false,true,false,false,false,false,true,false,true,false,false,true,true,false,false,true,true,true,false,false,true,true,false,true,true,false,true,false,false,true,false,true,false,true,false,false,true,false,true,988584,bytes,7260
true,true,true,true,true,true,true,false,true,false,true,true,true,false,false,false,false,false,false,false,false,true,false,false,false,true,false,false,false,false,false,false,false,false,false,false,true,false,true,false,false,false,false,true,false,false,false,false,false,false,false,true,true,false,false,false,false,true,false,true,false,false,false,false,false,true,true,true,false,966912,bytes,7431
false,false,true,false,true,true,true,true,false,true,false,true,false,false,false,false,false,true,false,false,false,false,false,false,false,false,false,false,false,false,false,false,true,false,false,false,false,false,false,false,true,false,false,true,false,true,false,false,false,true,false,true,true,false,false,true,false,true,false,false,true,true,false,false,false,true,true,true,false,966912,bytes,7431
true,false,false,false,true,true,false,true,true,true,true,true,false,true,false,false,true,false,false,false,false,false,false,false,false,false,false,false,false,true,false,false,false,false,false,false,true,false,false,true,false,true,true,false,false,true,true,false,false,true,false,true,true,true,true,false,false,true,false,false,true,false,false,false,true,true,false,true,true,966912,bytes,7431
false,false,false,false,true,false,true,false,false,true,false,false,false,true,false,false,false,false,false,true,false,false,false,false,false,true,false,false,false,false,false,false,false,false,false,false,false,false,false,false,true,false,false,true,false,true,true,false,true,false,false,false,false,false,false,true,false,false,false,true,false,false,false,true,true,false,false,true,false,1063832,bytes,7971
false,false,true,false,false,false,true,true,false,true,false,true,true,false,false,false,false,false,false,false,false,false,true,false,false,false,false,false,false,false,false,false,false,false,false,false,false,false,true,false,false,true,true,false,false,true,false,false,true,false,false,true,true,true,false,true,true,false,false,false,true,true,false,false,false,false,true,true,false,1052176,bytes,7810
false,false,false,false,true,true,true,true,false,false,false,false,true,false,false,false,false,false,true,false,false,false,false,false,false,false,false,false,false,false,false,true,false,false,false,false,false,false,false,false,true,false,false,true,false,true,true,false,false,true,true,true,false,true,true,true,false,true,false,true,false,false,false,true,false,false,true,false,false,1052176,bytes,7810
false,false,false,false,false,false,true,true,true,false,false,false,true,true,false,false,false,false,false,false,true,false,false,false,false,false,false,false,false,false,true,false,false,false,false,false,false,true,false,false,false,false,false,true,false,true,false,false,false,false,false,true,false,false,false,true,true,false,false,false,true,true,false,false,false,true,true,false,true,1064280,bytes,7725
false,false,true,false,false,false,true,true,true,true,false,false,false,true,false,false,false,false,false,false,false,false,false,false,false,true,false,false,false,false,false,false,false,false,false,false,false,false,true,false,false,true,true,false,false,true,false,false,true,false,false,true,false,true,true,false,false,true,true,false,false,true,false,false,true,false,false,false,false,1069104,bytes,7761
true,true,false,false,true,false,true,false,true,true,false,true,true,false,false,false,false,false,false,false,true,false,false,false,false,false,true,false,false,false,false,false,false,false,false,false,false,false,true,false,false,false,false,false,true,false,false,false,false,false,true,true,false,true,false,false,true,false,false,false,true,false,false,false,false,false,false,true,true,1082616,bytes,8134
true,true,false,true,true,false,true,true,true,true,true,false,true,false,false,false,false,false,false,false,false,false,false,false,true,false,false,false,false,false,false,false,false,false,false,false,false,false,false,false,false,true,true,false,false,false,false,false,false,false,true,true,true,true,true,true,false,false,false,false,true,false,false,true,false,false,false,false,false,1148528,bytes,8018
true,true,true,true,false,false,true,true,true,true,false,true,false,false,false,false,false,false,false,true,false,false,false,false,false,false,false,false,false,false,false,false,true,false,false,false,false,false,false,false,false,false,true,false,false,false,false,false,false,false,false,true,false,true,true,false,false,false,false,true,false,true,false,true,false,false,false,true,true,1163264,bytes,8495
true,false,true,true,false,false,true,true,true,true,false,false,false,false,false,false,false,false,true,false,false,false,false,false,false,false,false,false,false,false,false,false,false,false,false,false,false,false,true,false,false,false,false,true,false,false,false,false,true,false,false,true,true,true,true,true,true,false,false,false,true,true,false,false,false,true,false,false,false,1045192,bytes,8026
false,true,true,true,false,true,false,false,false,true,true,true,true,false,false,true,false,false,false,false,false,false,false,false,false,false,false,false,false,true,false,false,false,false,false,false,true,false,true,false,false,false,true,false,false,true,true,true,false,false,true,true,true,true,false,false,false,true,true,false,false,false,false,true,false,false,false,true,true,1051880,bytes,7888
false,true,true,true,true,false,true,false,false,false,true,true,true,true,false,true,false,false,false,false,false,false,false,false,false,false,false,true,false,false,false,false,false,false,false,false,false,false,false,false,false,false,true,false,false,false,true,false,true,false,false,false,false,true,false,false,false,true,false,false,true,false,false,false,false,true,true,true,false,1147448,bytes,8245
false,true,false,false,true,false,false,false,false,true,true,true,true,true,false,false,false,false,false,false,false,false,true,false,false,false,false,false,false,false,false,false,false,false,false,false,false,false,false,true,false,false,false,true,false,false,false,true,false,false,true,false,false,true,true,true,true,false,true,false,false,true,false,false,false,true,false,false,true,1040648,bytes,7785
false,false,false,true,true,true,false,false,false,true,false,false,false,false,false,false,false,false,false,false,true,false,false,false,false,false,false,false,false,false,false,true,false,false,false,false,false,false,true,false,false,true,false,false,true,true,false,false,true,false,true,false,true,false,false,true,false,true,true,false,false,true,false,false,false,true,false,true,false,1014624,bytes,7549
false,false,true,false,true,false,false,true,true,false,true,false,false,true,false,false,false,false,false,false,false,false,true,false,false,true,false,false,false,false,false,false,false,false,false,false,false,false,false,true,false,true,false,false,true,true,true,false,true,false,false,true,false,true,false,true,false,true,false,true,false,false,false,false,false,true,false,false,false,1016328,bytes,7631
false,false,true,false,true,false,true,false,false,true,true,true,true,true,false,false,false,false,false,true,false,false,false,false,false,false,false,false,false,false,false,false,false,false,false,false,false,false,false,true,false,false,false,false,true,false,false,false,false,true,false,true,false,true,false,false,false,true,false,true,false,true,false,false,false,true,true,false,true,1016328,bytes,7631
false,false,false,true,false,false,true,false,true,false,true,false,true,false,false,false,false,false,false,false,false,false,false,false,true,false,false,false,false,false,false,false,false,false,false,false,false,false,false,true,false,false,true,false,false,false,true,false,true,false,false,true,true,true,true,false,true,false,true,false,false,false,false,false,true,true,false,false,false,1147816,bytes,8486
false,true,false,false,false,true,true,true,true,false,false,false,false,true,false,false,false,true,false,false,false,false,false,false,false,false,false,false,false,false,false,false,true,false,false,false,false,false,false,false,false,false,true,false,false,false,true,false,false,false,false,false,true,false,false,false,true,false,false,false,false,true,false,true,false,false,false,true,false,1177120,bytes,8583
true,true,true,true,false,true,false,true,true,false,true,false,false,false,false,false,false,false,false,false,false,true,false,false,false,false,false,true,false,false,false,false,false,false,false,false,false,false,false,false,true,false,false,true,false,true,false,true,false,false,false,false,false,false,false,false,true,false,false,true,false,false,false,false,false,true,true,false,false,1060480,bytes,7918
false,true,true,false,false,false,true,true,false,true,true,true,true,false,false,false,false,false,false,false,false,false,false,false,false,false,false,true,false,false,false,false,false,false,false,false,false,false,true,false,false,true,false,false,true,false,true,false,true,false,false,false,true,false,false,true,false,false,false,false,true,false,false,false,false,false,false,false,true,1075448,bytes,7842
false,true,true,true,true,false,false,false,false,false,true,false,true,false,false,false,false,false,false,false,false,false,true,false,false,false,false,false,false,false,false,false,true,false,false,false,false,false,false,false,true,false,false,true,false,false,true,false,false,true,false,true,false,false,true,true,false,true,false,false,false,true,false,false,false,true,false,true,false,1075448,bytes,7842
false,true,true,false,true,true,false,false,false,true,true,true,true,true,false,false,true,false,false,false,false,false,false,false,false,false,false,false,true,false,false,false,false,false,false,false,false,true,true,false,false,false,true,false,false,false,true,true,false,false,true,true,false,true,false,true,false,true,false,true,false,true,false,false,false,true,true,false,true,1072464,bytes,7974
true,true,false,false,false,true,true,true,false,false,true,true,false,true,false,false,false,false,false,false,false,false,false,false,false,false,false,true,false,false,false,false,false,false,false,false,false,false,false,false,false,false,false,false,true,false,true,true,false,false,false,false,false,false,true,true,false,true,true,false,false,false,false,true,false,false,false,true,true,1234912,bytes,8897
true,false,true,true,false,true,false,true,false,false,true,false,false,false,false,false,false,false,false,false,false,false,false,true,false,false,false,false,false,false,true,false,false,true,false,false,false,false,false,false,false,true,false,false,true,false,false,false,false,true,true,true,false,true,false,false,false,false,false,true,false,true,false,true,false,false,true,false,true,1234912,bytes,8897
true,false,false,false,true,true,true,false,false,false,true,true,false,true,false,false,false,false,false,false,false,false,true,false,false,false,false,false,true,false,false,false,false,false,false,false,false,false,true,false,false,false,false,true,false,false,false,false,true,false,false,true,true,true,true,false,false,false,false,false,true,true,false,true,false,false,false,false,false,981632,bytes,7543
true,true,false,false,true,false,true,true,true,false,true,true,false,true,false,false,false,false,false,false,false,false,false,true,false,false,false,false,true,false,false,false,false,false,false,false,false,false,false,false,true,true,true,false,false,true,true,false,true,false,true,false,true,false,false,false,false,false,true,false,false,false,false,true,false,false,false,false,false,1078992,bytes,7733
true,true,false,false,true,false,false,false,true,false,false,false,false,true,false,false,false,false,false,false,false,false,false,true,true,false,false,false,false,false,false,false,false,false,false,false,false,false,true,false,false,false,false,false,true,true,true,true,false,false,false,true,true,true,true,true,false,true,false,false,true,true,false,false,false,false,false,false,false,1075984,bytes,8106