,--disable-option-checking,--disable-libtool-lock,--disable-largefile,--disable-threadsafe,--disable-tcl,--disable-readline,--disable-amalgamation,--disable-load-extension,--disable-math,--enable-shared=no,--enable-static,--enable-fast-install,--enable-releasemode,--enable-tempstore,--enable-editline,--enable-debug,--enable-all,--enable-memsys5,--enable-memsys3,--enable-fts3,--enable-fts4,--enable-fts5,--enable-json1,--enable-update-limit,--enable-geopoly,--enable-rtree,--enable-session,--enable-gcov,--with-pic,--with-gnu-ld,--with-tcl=/usr/lib64,binary-size,unit,nr-of-gadgets
0,False,False,True,False,False,False,False,False,True,True,False,False,False,True,True,True,False,True,True,False,False,True,False,True,False,True,False,False,True,False,True,3892808,bytes,63180
1,False,True,True,False,False,True,False,False,False,False,True,False,True,False,False,True,False,True,True,False,False,False,False,False,True,True,True,True,True,False,False,3615720,bytes,57865
2,False,True,False,True,True,True,True,False,False,False,True,True,True,False,True,False,False,False,True,True,False,False,True,True,False,False,False,False,False,False,True,8522128,bytes,67350
3,False,True,True,True,False,False,False,False,False,True,False,True,True,True,True,False,False,True,False,True,True,True,False,True,True,True,True,False,True,False,False,10153936,bytes,79939
4,True,True,False,True,False,True,True,True,True,True,True,False,False,True,True,True,True,False,True,False,True,True,True,False,False,True,False,False,False,True,False,3968832,bytes,65233
5,False,False,False,False,False,False,False,True,False,False,True,True,True,True,True,True,True,True,False,False,True,False,False,False,True,False,False,False,True,True,False,4052960,bytes,65548
6,True,False,False,False,False,False,False,False,True,False,True,True,False,True,True,True,False,True,False,True,False,True,True,True,False,False,True,True,False,True,True,4022392,bytes,65216
7,False,True,False,True,False,False,False,True,True,True,False,True,False,False,False,False,False,True,False,True,False,False,False,False,True,False,True,False,False,False,False,8952448,bytes,70511
8,False,False,True,True,False,True,True,False,True,False,False,True,True,True,False,False,False,True,True,False,True,True,True,False,False,True,True,False,True,True,False,9980448,bytes,78572
9,True,False,True,True,False,False,True,False,True,True,False,False,False,True,True,True,True,False,False,False,True,False,False,True,False,False,False,False,False,True,False,3983232,bytes,65522
10,False,True,True,True,False,True,True,False,True,True,True,False,False,False,False,True,True,True,True,False,True,False,False,True,False,True,True,True,False,True,False,3990520,bytes,65294
11,True,True,True,False,False,True,True,True,True,False,False,True,False,True,True,False,False,True,True,True,True,False,True,False,False,False,False,False,True,False,False,8517128,bytes,67300
12,True,False,True,True,True,False,False,True,False,False,False,False,True,False,False,False,False,False,True,False,True,True,False,True,False,True,True,True,True,False,True,9993248,bytes,78391
13,True,True,True,False,False,False,True,True,True,True,False,False,True,False,False,True,True,False,False,False,True,True,False,False,True,True,True,True,True,False,True,4034688,bytes,65328
14,False,True,True,True,True,False,True,False,True,False,True,True,True,False,False,True,False,True,True,True,False,False,True,False,False,True,False,False,True,False,False,3387416,bytes,54293
15,True,True,True,True,True,True,True,True,True,False,True,False,False,False,False,False,True,True,True,True,False,False,False,True,True,False,True,False,False,False,True,10090944,bytes,79216
16,True,True,False,False,False,False,False,False,False,False,True,False,True,False,False,True,False,True,True,True,False,False,False,False,True,True,True,False,True,False,True,3617096,bytes,58048
17,True,True,False,True,True,True,True,False,False,True,True,False,False,False,True,True,False,False,False,False,False,False,True,False,True,True,True,False,True,True,False,3546576,bytes,57364
18,True,True,False,True,True,True,True,True,False,False,True,False,True,True,True,True,False,True,False,False,False,False,True,True,False,False,True,False,True,False,True,3513976,bytes,56734
19,True,False,False,False,False,False,False,True,False,False,False,False,False,True,True,True,True,True,True,False,False,True,False,False,True,False,True,False,True,False,False,4052960,bytes,65548
20,False,True,True,False,False,False,False,True,True,True,False,True,False,True,False,True,True,False,True,True,False,False,True,True,False,False,True,True,False,False,False,4035528,bytes,65294
21,True,True,False,False,False,False,False,True,False,False,False,False,True,True,True,False,True,False,True,True,True,True,True,False,False,True,True,True,False,False,False,10180384,bytes,79501
22,True,False,True,True,True,True,True,True,False,False,False,False,False,True,True,False,False,False,False,True,False,False,True,False,False,False,True,True,True,False,True,8845936,bytes,69602
23,True,False,True,False,False,True,False,True,False,False,False,False,True,True,True,True,True,True,False,False,False,False,True,True,True,False,False,False,False,False,False,4052440,bytes,65683
24,False,False,False,False,False,False,True,False,False,False,True,False,True,False,False,False,False,False,False,False,False,False,False,True,False,False,True,False,False,True,False,8996176,bytes,70840
25,True,True,False,False,False,False,True,True,True,True,True,True,False,False,True,True,True,True,True,False,True,True,True,False,True,False,False,True,False,True,False,4043392,bytes,65524
26,True,False,False,False,False,False,True,False,False,False,True,True,False,False,True,True,True,True,True,True,False,False,False,True,True,True,True,False,False,False,True,4061912,bytes,66114
27,False,False,False,False,True,False,True,True,True,True,False,False,True,True,False,False,False,True,False,False,True,False,True,False,True,False,False,False,True,True,False,8635152,bytes,68492
28,False,True,True,False,False,False,False,True,True,False,False,True,False,False,False,False,True,False,False,False,False,False,True,False,False,False,True,False,False,True,True,10151696,bytes,79464
29,True,False,True,False,True,True,False,False,False,True,True,False,False,True,False,True,False,False,False,False,False,False,True,False,False,False,False,True,False,True,True,3443208,bytes,54744
30,False,False,True,False,False,False,False,True,False,True,True,True,False,True,False,False,True,False,True,True,True,False,False,True,False,True,True,True,True,True,False,10193912,bytes,79714
31,True,False,False,False,True,False,False,False,False,True,True,False,True,True,True,True,False,True,True,False,True,False,True,False,False,True,False,True,True,False,False,3453328,bytes,55026
32,False,True,False,False,False,True,True,False,True,False,False,False,True,False,True,True,True,False,True,False,True,True,False,False,True,False,False,True,False,False,True,4041408,bytes,65547
33,True,False,True,True,False,True,False,False,False,True,False,False,True,True,True,True,False,True,True,True,True,False,False,True,True,False,True,True,False,False,True,3556120,bytes,57972
34,False,True,False,False,False,True,False,True,False,False,False,False,True,False,False,True,True,False,True,True,True,True,True,False,True,True,True,True,True,False,True,4038776,bytes,65429
35,True,True,False,False,False,True,True,True,True,False,False,False,True,False,True,False,False,False,False,False,True,True,False,True,True,True,False,False,True,True,False,9754360,bytes,76726
36,False,False,False,True,True,True,False,True,False,True,True,False,False,False,True,False,True,True,False,False,True,False,True,True,False,True,True,True,False,True,True,10123800,bytes,79417
37,False,True,False,True,True,True,True,False,True,False,True,False,True,True,False,True,False,False,False,True,True,False,True,False,False,False,False,False,False,False,True,3373192,bytes,54200
38,True,True,True,False,False,True,False,False,False,True,True,False,False,False,True,True,True,False,True,True,True,True,False,True,False,True,False,True,False,True,True,4051824,bytes,65765
39,True,True,False,False,True,False,False,False,True,True,True,False,False,False,False,False,True,False,False,False,True,False,False,False,True,True,False,True,False,True,False,10188496,bytes,80474
40,True,False,True,False,True,False,True,False,False,True,False,False,True,False,False,True,True,False,True,True,False,False,True,True,True,False,False,False,True,True,True,4053200,bytes,65704
41,True,False,True,True,True,False,True,True,True,False,True,True,False,False,True,False,True,True,False,True,True,True,False,True,True,False,False,True,False,False,True,10097472,bytes,79333
42,False,False,True,False,False,False,True,False,True,True,True,False,True,True,True,False,False,False,False,True,False,False,False,False,False,True,True,False,True,True,True,8953784,bytes,70343
43,False,True,True,True,True,False,True,True,False,False,False,False,True,False,False,False,False,False,True,True,False,True,False,True,False,True,True,True,False,True,False,9993288,bytes,78355
44,True,True,True,False,True,False,True,False,False,True,True,True,True,True,False,True,True,False,False,False,True,True,True,False,False,False,False,False,False,True,True,4052352,bytes,65928
45,False,False,True,False,False,True,False,False,False,True,True,False,True,False,True,False,True,True,True,False,False,True,False,False,True,True,True,False,False,True,True,10224816,bytes,80023
46,True,True,True,False,False,True,False,False,True,True,True,False,False,False,False,True,False,False,False,False,False,True,False,False,False,False,True,True,False,True,False,4003232,bytes,64524
47,False,False,True,False,False,False,False,True,False,False,False,True,False,True,False,False,False,True,False,True,False,False,True,True,False,True,True,False,False,True,True,8972336,bytes,70264
48,True,True,True,True,True,True,False,False,True,True,False,False,False,True,True,False,True,True,False,True,True,False,False,False,False,True,True,False,True,False,False,10101096,bytes,79447
49,False,True,True,False,False,False,False,True,False,False,True,False,True,False,True,False,False,False,True,False,True,False,False,True,True,False,True,False,False,True,False,9082048,bytes,71154
50,True,True,False,True,True,True,True,False,False,False,True,True,True,True,True,False,True,True,False,True,True,True,False,True,True,False,True,True,True,False,False,10147416,bytes,79828
51,True,True,False,True,True,False,True,True,True,False,False,True,True,True,False,True,False,True,False,True,True,True,False,True,False,False,False,False,True,True,True,3824352,bytes,62823
52,True,False,True,True,True,False,True,True,True,False,False,True,True,False,False,False,True,True,True,True,True,False,False,True,False,True,True,True,False,True,False,10097472,bytes,79333
53,True,True,False,False,True,False,True,True,True,False,True,False,True,False,True,True,True,True,True,True,False,False,True,True,False,True,False,False,False,False,True,4044240,bytes,65732
54,True,True,False,False,False,True,True,False,False,True,False,True,False,False,False,True,False,True,True,True,False,True,False,True,True,True,False,True,False,True,True,3930944,bytes,64238
55,True,False,True,True,True,True,True,True,False,False,False,False,True,True,True,True,True,False,False,False,True,False,True,True,True,True,False,True,False,True,False,3983376,bytes,65259
56,True,False,True,True,True,True,False,False,True,True,False,False,False,True,False,True,False,False,True,True,True,True,True,False,False,True,True,True,True,True,False,3942800,bytes,64946
57,True,True,False,True,False,False,True,False,False,False,False,True,False,True,False,True,False,True,False,True,False,False,False,False,False,True,False,True,True,True,True,3397056,bytes,54505
58,True,False,False,False,False,False,False,False,True,True,False,False,True,False,False,True,True,True,False,False,True,True,True,True,True,False,False,True,False,False,True,4056472,bytes,65862
59,True,False,False,True,True,True,False,False,True,False,False,True,False,True,False,True,False,True,False,True,True,False,True,False,True,True,False,True,True,True,False,3416064,bytes,54894
60,False,True,True,True,False,True,True,False,False,False,False,True,False,False,False,False,True,False,False,True,False,False,True,False,False,True,False,True,True,False,False,10125552,bytes,79500
61,False,True,False,True,True,False,False,False,False,True,True,False,True,True,False,False,True,True,True,False,False,True,True,False,False,True,False,False,False,True,True,10136360,bytes,79800
62,False,True,True,False,True,True,False,False,True,False,True,False,True,True,True,False,False,False,True,False,True,True,True,False,True,True,False,True,True,False,True,9767944,bytes,77032
63,False,False,False,True,True,True,True,False,False,False,False,True,False,True,False,False,True,False,False,False,False,False,True,False,True,True,True,False,False,True,False,10125560,bytes,79510
64,True,False,False,True,True,True,True,False,True,True,True,True,True,True,True,True,False,False,False,True,True,True,False,True,False,True,False,True,True,False,False,3818232,bytes,62623
65,False,True,True,True,True,True,True,True,False,True,True,False,True,True,False,True,False,False,False,False,False,False,True,False,True,True,False,True,True,False,False,3408976,bytes,54912
66,True,False,True,True,False,True,False,True,True,False,True,False,True,True,True,False,True,False,True,True,False,True,False,False,False,False,True,False,True,True,False,10060904,bytes,78996
67,False,False,False,True,False,True,False,True,True,False,True,True,True,False,False,False,True,True,False,False,False,True,True,False,False,True,True,False,True,False,True,10073528,bytes,79141
68,True,True,False,False,True,True,True,False,True,False,False,True,True,True,False,True,True,True,False,False,True,False,True,True,True,False,False,True,False,False,False,4055064,bytes,66192
69,False,True,False,True,True,True,True,False,True,True,True,True,False,False,False,False,False,False,False,False,False,True,True,False,True,False,True,True,False,True,False,10092536,bytes,79054
70,True,True,True,False,True,False,True,True,True,False,False,False,False,True,True,True,False,False,True,True,False,True,False,False,True,False,True,True,False,False,True,4034688,bytes,65328
71,True,True,True,True,True,True,False,False,False,True,False,True,True,True,True,False,True,False,True,True,True,False,True,True,False,False,False,False,True,False,False,10138856,bytes,79570
72,True,True,True,True,True,True,True,True,True,False,False,False,True,True,True,False,False,False,True,False,False,False,False,False,False,True,True,False,True,True,False,8817032,bytes,69361
73,True,False,False,False,False,True,False,True,True,True,False,False,False,True,True,False,True,False,False,True,True,False,False,False,True,True,True,True,True,True,False,10148952,bytes,79536
74,False,False,True,True,False,True,False,False,False,True,False,True,False,True,False,True,True,True,True,False,False,True,True,False,False,False,False,True,True,False,True,3999232,bytes,65452
75,False,False,True,True,True,True,True,False,False,False,True,True,True,True,True,False,True,False,True,True,True,False,True,False,True,True,False,False,False,False,True,10125552,bytes,79500
76,True,False,True,False,False,False,True,True,False,False,True,True,True,True,True,False,False,False,True,False,False,True,False,True,False,False,False,True,True,True,True,9666456,bytes,75908
77,True,True,True,True,False,True,False,True,False,False,False,True,False,True,False,False,True,True,False,True,True,True,True,True,False,False,False,True,False,False,True,10123768,bytes,79404
78,True,True,True,True,True,True,False,False,False,False,False,False,False,True,True,False,True,False,False,True,True,True,False,True,True,True,False,True,False,False,False,10138856,bytes,79570
79,True,False,True,False,True,False,False,True,True,False,True,True,False,False,True,True,True,True,True,True,True,False,True,False,False,True,False,True,True,True,True,4043392,bytes,65545
80,True,True,True,True,True,True,False,True,True,False,False,False,True,True,True,True,False,False,True,True,False,False,False,True,False,True,True,False,False,False,True,3491488,bytes,56414
81,True,True,False,True,True,False,True,True,True,True,True,True,False,True,True,False,True,False,False,False,True,False,True,False,True,False,True,True,False,True,True,10071792,bytes,79085
82,False,True,True,False,True,True,True,True,False,True,True,True,True,True,True,False,True,False,False,True,False,True,True,True,False,True,True,False,True,False,True,10191168,bytes,79575
83,True,False,True,True,True,True,False,False,False,True,True,False,False,True,False,True,False,True,True,True,True,True,False,False,False,True,False,True,True,True,False,3835656,bytes,64771
84,True,False,True,False,True,True,True,True,True,True,False,True,False,False,True,False,False,True,False,False,False,False,True,False,False,True,True,True,True,True,False,8927584,bytes,69867
85,True,True,False,True,False,True,True,False,False,True,True,False,False,True,True,False,True,True,False,True,True,False,False,True,True,False,True,True,True,True,True,10147416,bytes,79828
86,True,True,False,True,True,False,True,False,False,True,False,True,False,False,True,True,True,True,False,True,False,True,False,False,False,False,False,True,True,False,True,4000608,bytes,65509
87,False,True,True,True,True,True,True,False,False,False,True,True,True,True,True,True,False,True,True,True,False,False,False,True,False,True,True,False,False,True,True,3521992,bytes,56795
88,False,False,False,False,False,True,False,True,True,True,True,False,True,False,False,True,True,False,True,True,True,True,False,False,True,True,True,False,True,False,False,4033272,bytes,65274
89,True,True,True,True,True,True,False,True,False,False,True,False,True,True,False,True,True,False,False,False,True,True,False,True,False,True,False,False,False,True,True,3983376,bytes,65259
90,True,False,True,False,False,True,False,False,False,True,True,True,True,True,True,True,True,True,False,False,False,True,False,True,False,False,True,False,True,False,True,4060536,bytes,66402
91,True,False,False,False,True,True,True,True,False,False,True,True,True,True,True,True,False,False,False,True,True,True,True,False,False,True,False,True,False,True,False,3879168,bytes,62692
92,True,False,False,False,True,True,True,True,False,True,True,True,True,False,False,True,True,True,False,False,True,False,False,False,False,False,False,False,True,False,True,4051584,bytes,65502
93,False,True,False,True,False,True,False,False,False,False,False,True,True,False,True,True,True,False,False,True,True,False,True,True,False,True,True,False,False,False,False,3995488,bytes,65207
94,False,False,False,True,True,True,True,True,True,True,False,True,True,True,False,True,False,True,True,True,True,True,False,False,False,True,True,True,False,False,False,3939344,bytes,64928
95,True,False,False,True,False,False,True,True,True,False,True,False,True,False,True,False,True,False,True,False,True,False,True,False,True,False,True,True,True,False,True,10071792,bytes,79085
96,True,True,True,False,True,True,False,False,True,True,False,True,True,False,True,False,False,False,False,False,False,False,False,True,False,True,False,False,True,False,False,8547048,bytes,67480
97,True,False,True,True,False,True,True,False,True,True,False,True,False,True,True,True,True,True,False,False,True,True,False,True,False,False,False,False,False,True,False,3990520,bytes,65294
98,False,False,True,False,False,False,False,False,True,True,True,False,True,True,True,True,True,False,False,True,True,True,False,False,False,True,True,True,False,False,True,4042816,bytes,66066
99,False,True,True,True,True,False,True,True,False,False,True,False,False,True,False,False,False,True,False,False,False,True,True,False,False,False,True,True,True,True,True,9987952,bytes,78628
100,True,True,False,True,False,True,False,False,True,True,False,False,False,False,False,False,False,True,False,False,True,False,False,True,False,True,False,False,False,False,False,8497600,bytes,67180
101,True,True,True,True,True,True,False,False,True,False,False,False,False,False,False,False,True,True,True,True,True,True,False,False,False,True,True,True,True,True,True,10101096,bytes,79447
102,False,False,False,False,False,False,True,False,True,True,True,True,False,True,True,True,True,True,True,False,False,True,False,False,True,True,True,False,False,True,True,4051536,bytes,65635
103,False,True,True,False,True,False,False,True,False,False,False,True,True,False,True,False,True,True,False,True,False,True,False,True,False,True,False,False,False,False,False,10212096,bytes,79842
104,True,False,False,False,True,True,False,False,False,False,True,True,True,False,True,False,True,True,False,True,False,True,True,False,True,False,False,True,True,True,False,10224768,bytes,79981
105,False,False,False,False,True,True,True,False,True,True,False,False,False,False,True,False,True,True,True,False,False,True,True,False,True,True,False,False,False,False,False,10196032,bytes,81048
106,False,False,False,True,False,True,True,False,False,False,False,True,False,False,True,False,False,True,True,True,False,True,True,False,False,False,True,True,True,False,False,10017376,bytes,78586
107,True,False,True,False,False,True,False,False,False,False,False,False,False,False,True,True,False,True,True,True,False,False,True,False,True,True,False,True,False,True,False,3490192,bytes,55751
108,False,False,False,False,True,True,True,False,False,False,True,True,True,True,True,True,False,False,True,True,True,False,True,False,True,False,False,True,False,False,True,3477376,bytes,55463
109,False,False,False,True,True,False,False,True,True,False,False,True,True,False,False,True,False,False,False,True,True,True,True,True,False,True,True,True,False,False,False,3941104,bytes,64808
110,True,False,True,True,False,False,True,True,True,True,False,False,True,True,True,False,True,False,False,False,False,False,False,True,True,True,True,False,True,False,False,10085176,bytes,79256
111,True,False,True,False,True,True,True,False,True,False,True,True,True,False,True,False,False,True,True,False,True,True,False,True,False,True,True,False,True,True,False,10095672,bytes,79009
112,False,False,False,True,False,False,False,False,False,True,True,True,True,True,True,True,True,False,False,False,True,True,True,True,False,False,False,False,True,True,False,3996864,bytes,65168
113,True,False,False,False,True,True,False,False,True,True,True,False,False,True,True,False,True,True,True,False,False,True,True,False,True,False,False,True,False,True,True,10196032,bytes,81048
114,True,True,True,True,False,True,True,False,False,True,True,False,False,False,True,True,True,False,True,True,False,False,True,True,True,False,False,False,True,False,False,3995488,bytes,65207
115,False,True,False,False,False,False,True,True,False,False,False,True,True,False,True,False,False,True,False,False,False,True,False,False,False,True,False,True,True,True,False,9664240,bytes,75912
116,True,True,False,True,True,True,True,False,False,False,True,False,True,False,True,True,True,False,False,False,False,True,False,False,True,True,True,False,True,False,True,3990544,bytes,67145
117,False,True,False,True,True,False,True,False,False,True,False,False,False,False,False,True,True,False,False,True,True,True,False,False,True,False,False,False,True,True,True,3991920,bytes,66621
118,True,False,False,True,True,False,True,True,True,True,True,False,False,False,True,False,True,True,True,True,True,False,False,True,True,False,True,False,False,False,True,10097472,bytes,79333
119,False,True,True,True,False,False,True,True,False,False,False,True,True,False,False,True,False,False,True,True,False,True,False,False,True,True,True,False,False,True,True,3983904,bytes,65460
120,False,False,False,True,True,True,False,False,True,False,False,False,False,True,True,False,False,False,True,False,True,False,True,True,False,False,False,False,False,True,False,8485048,bytes,66910
121,False,True,True,False,False,False,True,True,False,False,False,True,False,True,True,False,True,False,True,False,True,False,False,False,False,True,True,False,True,False,False,10180456,bytes,79515
122,False,True,False,True,True,True,False,True,False,True,True,False,False,False,True,False,True,False,False,False,False,True,False,True,False,False,True,False,False,True,True,10111128,bytes,79263
123,True,False,False,True,False,False,True,False,True,False,True,False,False,True,False,False,False,True,True,False,False,True,False,True,True,True,True,True,False,False,True,10125280,bytes,79627
124,False,False,True,True,True,True,True,False,True,True,False,False,False,True,True,False,False,True,True,True,True,True,True,False,False,False,True,False,False,False,True,9980504,bytes,78571
125,True,False,False,False,False,False,False,False,False,True,True,False,False,False,False,False,False,True,True,False,True,False,False,False,False,False,False,False,True,True,False,8576344,bytes,67525
126,True,False,True,False,False,True,True,False,True,True,False,True,True,False,True,False,True,False,False,True,True,True,True,False,True,False,True,True,True,True,True,10185760,bytes,79747
127,True,True,False,True,False,True,True,True,True,True,True,True,False,True,True,False,True,True,True,True,True,False,True,True,True,False,False,False,False,True,False,10090944,bytes,79216
128,False,False,True,True,False,False,False,False,False,True,True,False,False,False,False,True,False,True,True,True,False,False,False,False,False,True,False,True,False,True,True,3397056,bytes,54505
129,False,False,False,False,True,False,True,False,False,False,True,False,False,True,False,False,False,False,False,False,True,True,False,True,False,False,True,True,True,False,True,10112816,bytes,79165
130,True,False,False,True,True,True,False,True,False,False,False,False,False,False,True,True,False,True,True,False,False,True,True,False,True,False,False,True,False,False,False,3861680,bytes,63029
131,False,False,True,False,False,False,True,False,True,True,False,False,True,True,True,True,True,True,True,True,False,False,False,False,True,False,False,True,False,True,True,4051536,bytes,65635
132,False,True,True,True,True,False,False,False,False,False,False,True,False,False,False,True,True,True,False,False,True,False,False,False,False,True,False,False,True,True,False,4000608,bytes,65456
133,False,False,False,False,True,True,False,True,False,False,True,False,True,True,True,True,True,True,False,True,False,False,True,True,False,False,False,False,True,False,True,4052440,bytes,65683
134,True,False,True,False,False,False,True,True,True,True,True,False,True,False,True,False,True,False,False,False,False,True,False,False,True,True,True,False,False,False,True,10151696,bytes,79464
135,True,False,False,True,False,False,True,True,False,True,False,True,True,True,False,True,False,False,True,True,True,False,True,False,False,True,True,True,True,True,True,3505792,bytes,56520
136,False,True,True,False,True,True,False,True,False,True,True,True,False,True,False,True,True,True,True,True,True,False,False,True,False,False,False,True,True,False,True,4052440,bytes,65683
137,False,False,True,True,False,True,False,True,True,False,False,False,False,False,True,False,False,False,True,False,False,True,True,True,False,False,False,True,False,False,True,9584504,bytes,75542
138,True,False,True,False,False,True,False,False,False,True,False,True,False,True,True,False,True,False,True,True,True,False,True,True,True,False,True,False,False,False,True,10228096,bytes,80106
139,False,True,True,True,False,False,True,True,False,False,False,True,False,True,False,False,True,True,False,True,False,True,False,True,False,False,True,False,False,False,True,10126200,bytes,79528
140,True,False,True,True,False,False,False,False,False,True,False,False,True,True,False,False,True,False,True,False,True,True,False,True,False,False,False,True,True,True,True,10141672,bytes,79682
141,True,True,False,False,False,False,False,False,False,True,True,False,False,False,False,False,False,False,False,False,True,True,False,False,True,True,True,True,True,True,False,10213128,bytes,80461
142,False,False,True,True,False,False,False,True,True,False,True,True,False,True,False,False,False,False,True,False,False,True,True,False,True,False,False,False,True,False,True,9698584,bytes,76654
143,True,True,False,True,True,True,True,False,True,True,False,True,False,True,True,False,False,False,True,True,True,True,True,False,True,True,False,True,True,True,False,9719872,bytes,76915
144,False,True,False,False,False,False,False,True,False,True,True,False,True,False,False,False,False,False,True,False,False,False,True,True,True,True,False,True,False,True,True,8666216,bytes,68272
145,False,False,True,True,False,False,False,True,False,False,True,False,False,True,True,True,False,False,True,True,True,True,False,True,True,False,False,True,False,True,True,3859304,bytes,63306
146,False,True,False,False,False,True,False,False,True,True,False,True,True,False,False,False,True,True,True,True,True,False,False,False,False,False,True,True,False,False,False,10196016,bytes,80317
147,True,True,True,False,True,False,True,True,False,False,False,False,False,True,False,True,False,True,False,False,False,False,True,True,False,True,False,False,True,False,True,3446048,bytes,54937
148,True,True,False,True,True,False,False,True,False,False,False,True,True,False,False,False,False,False,False,True,True,False,False,True,False,False,True,False,True,True,False,8866088,bytes,69715
149,True,False,False,False,False,False,False,False,False,False,False,True,False,False,True,False,True,True,True,True,False,False,False,True,False,False,False,False,True,True,False,10240840,bytes,80084
150,False,False,False,True,False,True,True,True,True,True,True,True,True,False,True,False,True,True,True,True,True,True,False,False,False,True,False,True,False,True,False,10073536,bytes,79129
151,False,True,True,True,False,True,False,True,False,True,False,True,False,True,False,True,False,True,False,False,False,False,False,True,True,False,True,False,True,False,True,3552200,bytes,57466
152,True,False,True,False,False,True,False,True,True,True,False,True,False,True,False,True,True,False,False,False,True,False,True,False,False,True,True,True,False,True,False,4033272,bytes,65274
153,True,True,False,True,True,False,False,True,False,True,False,False,False,True,True,False,False,True,False,True,True,False,False,True,False,True,True,False,False,False,False,8878384,bytes,69846
154,False,False,False,False,False,True,True,True,True,False,False,False,True,True,False,True,True,True,False,False,False,True,False,False,True,False,True,False,False,True,True,4041984,bytes,65655
155,False,False,True,True,False,True,False,True,True,False,False,False,True,True,False,False,True,False,False,False,True,False,True,False,True,False,True,True,False,True,True,10060896,bytes,79008
156,False,True,False,False,False,True,False,True,False,True,True,True,True,True,False,True,True,True,True,False,True,False,True,True,False,False,True,False,True,True,False,4052440,bytes,65683
157,True,True,True,False,False,True,False,False,True,True,False,False,False,True,False,False,True,True,True,False,False,False,True,False,True,True,True,False,True,False,True,10196032,bytes,81048
158,True,False,False,False,True,False,False,False,False,True,True,True,True,True,True,False,False,True,True,True,False,False,False,False,True,False,False,False,False,True,True,8696048,bytes,68588
159,True,True,False,False,True,True,False,True,True,False,True,True,False,False,True,False,False,True,True,False,False,True,True,True,True,False,True,False,False,True,False,10176848,bytes,79556
160,False,False,False,True,False,True,False,True,True,False,False,False,True,False,True,False,False,True,False,True,True,False,False,True,True,False,True,False,False,False,True,8963552,bytes,70586
161,False,True,False,False,True,True,True,False,False,False,True,False,True,False,True,True,False,False,False,False,False,False,False,True,True,True,False,True,False,False,False,3478224,bytes,55586
162,True,True,True,False,True,True,False,False,False,True,True,False,False,False,True,False,False,True,False,True,True,True,True,True,False,True,False,True,False,True,False,9705000,bytes,76283
163,True,False,False,False,False,True,True,False,True,False,False,False,False,True,True,True,False,True,False,False,False,True,False,True,True,False,False,True,False,True,True,3925472,bytes,63574
164,False,False,False,False,True,True,True,True,True,False,False,True,True,True,True,True,True,False,True,True,True,True,False,True,True,True,False,False,False,False,False,4034120,bytes,65509
165,True,True,True,True,False,False,True,False,False,True,True,False,True,True,True,True,False,False,True,False,True,False,False,False,False,True,True,False,True,False,False,3509712,bytes,56515
166,False,False,False,False,True,True,False,False,False,False,False,False,True,False,True,True,False,True,True,False,True,True,True,False,False,True,True,False,False,False,False,4025608,bytes,64907
167,False,True,True,True,False,False,True,False,False,False,False,True,True,False,False,True,True,True,False,False,False,False,False,True,False,True,True,False,False,True,True,4005560,bytes,65315
168,True,True,True,False,False,False,True,True,False,True,False,True,True,False,False,True,False,False,False,False,False,False,False,False,True,True,True,True,False,False,True,3600280,bytes,57817
169,True,True,False,False,True,False,False,False,False,False,False,True,False,True,True,False,True,False,False,True,True,True,False,False,True,False,False,True,True,True,True,10213272,bytes,80474
170,True,False,True,False,False,False,True,False,False,False,True,False,True,False,True,True,False,True,False,True,False,True,True,True,True,False,True,False,True,True,False,4061912,bytes,66114
171,False,True,True,True,False,False,True,False,True,False,False,True,True,False,False,True,False,False,True,False,True,False,True,True,False,True,False,False,True,True,False,3379568,bytes,56184
172,False,False,True,False,False,False,True,True,False,False,False,False,True,True,False,True,True,False,True,False,True,False,True,False,True,False,True,False,True,True,True,4040152,bytes,65423
173,False,True,False,False,True,False,False,False,False,True,True,True,False,True,False,False,False,True,False,True,False,True,False,True,False,False,False,True,False,False,False,9712528,bytes,76374
174,True,True,False,False,False,False,False,False,True,False,False,True,False,False,True,False,False,True,True,True,True,False,False,True,False,False,False,False,True,False,True,8564776,bytes,67632
175,False,False,False,True,True,True,True,True,True,False,True,True,True,True,True,True,False,False,False,False,False,True,False,True,False,True,True,False,False,True,True,3935600,bytes,64479
176,True,True,False,True,True,True,False,True,True,False,False,False,True,False,False,True,False,False,True,True,True,False,False,True,False,False,True,False,False,False,False,3491488,bytes,56414
177,True,False,False,True,True,False,False,False,False,False,False,False,True,True,True,False,False,True,True,False,True,True,False,True,False,False,False,True,True,True,False,9661576,bytes,76206
178,False,False,False,True,False,False,False,True,False,True,False,True,False,False,True,False,False,True,True,False,True,False,True,False,True,False,False,False,True,False,False,8611888,bytes,67993
179,True,False,True,False,False,False,False,False,False,True,True,False,False,False,True,False,False,True,False,True,False,True,False,False,True,False,True,True,False,True,False,10227232,bytes,80025
180,False,False,False,True,True,True,True,True,True,True,False,True,True,True,False,True,False,True,True,False,False,False,False,True,True,False,False,False,True,True,True,3408824,bytes,54983
181,False,True,True,False,True,True,False,False,False,False,False,False,True,False,True,True,False,True,True,False,True,False,False,True,True,False,True,False,False,True,False,3620672,bytes,58155
182,True,True,True,False,False,False,False,True,True,True,True,True,True,False,True,False,True,False,False,False,True,False,False,True,False,True,False,True,True,True,True,10165352,bytes,79484
183,False,False,False,True,False,False,False,True,False,False,False,False,False,False,False,True,True,False,False,True,False,False,False,False,False,False,True,True,False,False,False,3983904,bytes,65460
184,False,False,True,True,False,False,False,False,True,True,False,False,False,True,True,True,True,False,True,True,False,False,True,False,True,True,False,True,True,True,True,3982384,bytes,66416
185,False,True,True,True,False,True,False,True,True,False,False,False,False,True,True,True,True,True,False,False,True,False,False,False,True,False,True,True,False,True,False,3977520,bytes,65334
186,False,False,True,False,False,True,False,False,True,True,False,True,False,False,False,False,True,False,True,False,True,False,True,True,True,False,True,True,False,False,True,10199328,bytes,80502
187,False,True,True,False,False,True,True,True,True,True,False,False,False,True,True,False,True,False,False,False,False,False,True,True,False,False,False,False,True,False,False,10162608,bytes,79418
188,False,False,True,False,False,False,True,False,False,False,True,False,False,True,True,False,True,False,True,True,False,False,True,False,True,False,False,False,True,False,False,10213272,bytes,80474
189,False,True,True,True,True,False,False,False,False,False,False,False,True,False,True,False,True,True,False,False,True,False,False,True,True,False,True,True,True,True,True,10153912,bytes,79973
190,False,True,True,False,False,True,False,True,False,False,False,True,False,True,False,True,False,True,False,True,False,False,True,True,False,False,True,True,False,False,False,3570248,bytes,57380
191,False,False,False,True,True,True,False,False,True,True,False,False,False,False,True,True,False,True,True,True,False,True,True,False,True,True,False,True,True,True,False,3864256,bytes,62979
192,False,False,False,True,False,True,True,True,True,False,False,False,False,False,True,True,False,True,False,True,True,True,False,True,False,False,False,False,True,True,False,3814760,bytes,62631
193,False,False,False,True,False,False,True,False,True,False,False,True,False,True,True,True,True,True,True,True,True,False,True,True,False,False,False,True,False,False,False,3996016,bytes,65632
194,False,False,True,False,True,False,True,False,True,True,True,True,True,True,True,False,True,False,False,False,True,False,False,False,True,True,True,True,True,True,False,10188496,bytes,80474
195,False,False,True,False,False,False,True,False,True,False,True,True,False,True,False,False,True,True,True,False,False,True,True,False,True,True,False,False,False,True,True,10198496,bytes,80560
196,True,True,True,False,True,False,True,True,True,True,True,True,False,True,True,True,True,False,False,False,True,False,False,True,False,True,False,True,False,False,True,4035528,bytes,65425
197,False,False,True,True,False,False,True,False,False,True,True,False,True,True,True,False,False,False,True,True,True,False,True,False,True,True,True,False,False,False,False,9007144,bytes,70969
198,False,False,True,False,True,False,False,True,False,False,True,True,True,False,False,False,False,True,True,True,True,False,False,True,True,True,True,True,False,True,False,9092032,bytes,71124
199,True,True,True,True,False,False,False,True,False,True,False,False,True,False,False,True,False,False,True,True,False,True,True,True,True,True,False,True,True,False,False,3859304,bytes,63306
0,False,False,True,True,True,False,False,True,False,True,True,True,False,True,False,False,False,False,False,True,False,False,False,False,True,True,False,False,False,True,False,8598528,bytes,67900
1,True,True,False,True,True,False,True,True,True,True,False,False,False,True,True,False,True,True,True,True,False,False,True,True,False,False,False,True,True,False,True,10097472,bytes,79333
2,True,False,False,False,False,True,False,True,True,True,True,False,False,False,True,False,True,True,True,True,False,False,False,True,True,True,False,False,False,False,False,10176784,bytes,79540
3,False,True,True,False,False,False,True,True,False,False,False,True,False,True,False,False,False,False,True,True,False,True,True,False,False,False,False,True,True,False,True,9649272,bytes,75645
4,True,True,False,True,True,False,True,True,True,True,False,True,False,False,True,False,True,True,True,False,False,False,False,True,True,False,False,False,True,False,True,10097464,bytes,79342
5,True,True,True,True,True,True,False,False,True,True,False,True,True,True,False,False,True,False,True,False,True,True,False,False,True,False,False,True,False,False,False,10092536,bytes,79054
6,False,False,False,False,True,False,True,True,False,True,True,False,False,False,True,False,False,False,False,False,True,False,True,False,True,True,True,True,True,True,True,9068504,bytes,71144
7,False,True,True,True,False,False,True,True,False,False,True,False,True,False,True,False,False,True,True,False,True,True,True,True,False,False,True,True,False,False,True,10001392,bytes,78537
8,False,False,True,False,False,False,True,True,True,True,False,False,False,True,True,False,False,False,False,False,False,False,True,False,False,False,True,False,False,False,True,8920064,bytes,69900
9,True,True,True,True,False,True,False,True,True,True,False,True,False,True,False,False,False,False,True,False,False,True,False,True,False,False,False,False,True,True,False,9584504,bytes,75542
10,False,True,False,False,False,True,False,False,False,True,False,False,True,True,True,False,False,True,True,True,True,False,True,False,False,True,True,False,True,True,True,8990160,bytes,70663
11,False,False,True,True,False,False,True,False,True,True,True,False,True,True,False,False,False,False,False,False,False,False,True,True,False,True,False,False,True,True,False,8491816,bytes,67075
12,True,True,True,True,True,True,True,False,False,False,True,False,False,False,False,False,False,False,True,False,False,False,False,True,True,True,False,False,True,True,False,8637904,bytes,68287
13,True,True,False,False,True,False,False,False,False,False,False,True,False,False,True,False,False,False,True,True,True,False,True,True,True,True,False,True,True,True,True,8698200,bytes,68564
14,True,False,True,False,False,True,False,True,False,True,False,True,True,False,True,False,True,False,True,False,True,True,True,True,True,True,True,True,False,True,True,10191144,bytes,79582
15,True,False,False,False,False,True,True,True,True,True,False,True,False,False,False,False,False,False,True,False,True,True,False,True,True,True,True,True,False,False,False,10162608,bytes,79418
16,False,False,True,False,False,False,False,False,True,True,True,False,True,False,False,False,True,False,False,False,False,True,False,True,True,False,True,True,False,False,True,10202064,bytes,80355
17,True,False,True,False,False,True,True,False,True,False,False,False,True,False,False,False,True,True,True,True,False,False,True,True,False,False,False,True,True,True,True,10213672,bytes,80035
18,False,True,False,False,False,True,True,False,False,False,True,False,False,False,False,False,False,False,False,False,False,True,True,True,True,True,True,True,False,False,True,10228128,bytes,80112
19,False,False,True,True,False,True,True,True,False,True,False,False,False,True,True,False,True,False,False,True,False,False,False,False,True,False,False,False,True,False,False,10093536,bytes,79320
20,False,True,False,False,False,False,True,False,True,True,False,True,True,True,True,False,False,False,True,False,True,True,True,True,False,True,True,True,False,False,False,10088160,bytes,78898
21,False,True,False,True,False,True,True,True,True,True,True,False,True,True,False,False,True,False,False,True,False,False,False,True,True,False,True,False,False,False,False,10078368,bytes,79096
22,False,False,True,False,True,True,True,False,True,False,False,True,False,False,False,False,False,False,True,False,True,False,False,True,False,True,True,True,True,False,False,8968744,bytes,70444
23,False,False,True,False,False,True,False,False,False,False,False,True,False,False,True,False,True,False,True,False,False,False,False,True,False,True,True,False,True,False,True,10228128,bytes,80112
24,True,False,False,False,True,False,False,False,False,False,False,True,True,True,False,False,False,False,False,False,False,False,False,False,True,False,True,True,False,True,False,9102240,bytes,71448
25,False,True,True,True,True,True,True,True,True,False,False,False,True,False,True,False,True,False,False,False,False,True,True,False,True,True,False,False,False,True,False,10060896,bytes,79008
26,True,True,True,True,False,True,True,True,True,False,True,False,True,True,False,False,False,False,True,False,True,True,False,False,True,True,True,False,True,False,True,10060896,bytes,79008
27,True,True,True,False,True,False,False,False,True,True,False,True,False,False,True,False,True,True,True,False,False,True,False,False,True,False,True,False,False,True,True,10198496,bytes,80560
28,False,False,True,False,False,True,True,True,False,False,True,True,True,False,False,False,False,False,False,False,False,False,True,False,True,False,True,False,False,False,True,9061664,bytes,70867
29,False,False,False,False,True,False,True,True,True,False,False,False,False,False,True,False,False,False,True,False,False,True,False,True,True,True,False,False,True,True,True,9757056,bytes,77018
30,False,False,False,False,True,True,False,False,True,False,True,False,True,True,False,False,False,True,True,True,False,True,True,True,True,True,False,False,False,True,False,9795568,bytes,77027
31,False,True,False,True,True,True,True,True,False,True,False,False,True,True,True,False,False,False,False,True,False,False,False,True,False,False,False,True,False,False,True,8489272,bytes,66964
32,True,True,True,True,False,False,True,True,True,True,True,True,True,False,False,False,False,False,True,True,True,False,False,False,True,True,False,False,False,True,False,8565520,bytes,67620
33,False,True,True,True,False,False,True,True,True,False,True,True,False,False,True,False,True,True,False,True,False,False,True,False,False,False,False,False,False,False,True,10080064,bytes,79255
34,True,True,False,True,False,True,True,False,True,True,True,False,False,True,True,False,False,True,True,False,False,False,True,True,True,False,False,True,False,False,False,8617400,bytes,68227
35,True,False,True,False,False,True,False,False,False,True,False,True,False,True,False,False,False,True,False,False,False,False,True,False,False,True,True,False,False,False,True,8990184,bytes,70634
36,False,False,True,True,False,False,True,False,True,False,True,True,False,False,True,False,False,True,False,False,False,True,False,True,True,False,False,False,False,False,False,9753320,bytes,77161
37,True,False,False,False,True,False,False,False,False,True,True,True,False,True,True,False,False,True,True,False,True,True,False,False,False,False,True,False,False,True,False,10109248,bytes,78964
38,False,True,False,True,False,False,True,True,False,False,True,True,False,True,True,False,False,True,True,False,True,False,False,False,False,True,True,True,False,False,False,8860864,bytes,69991
39,False,False,False,False,False,False,True,False,True,False,True,True,True,True,False,False,False,True,False,False,False,True,True,False,False,True,False,False,False,True,True,9670680,bytes,75993
40,False,True,False,False,True,True,False,False,False,True,True,False,False,True,True,False,False,True,False,False,False,True,False,True,False,False,True,True,True,False,False,10124424,bytes,79153
41,True,False,True,False,True,True,True,False,False,False,False,False,True,False,False,False,False,True,True,False,False,True,False,True,True,False,True,True,True,True,True,10238304,bytes,80121
42,True,True,True,True,True,False,False,False,True,True,True,True,False,False,False,False,False,False,True,False,False,True,False,False,False,True,True,True,False,True,False,9978720,bytes,78422
43,True,False,True,True,False,False,False,False,False,False,False,False,True,False,False,False,True,False,False,True,True,True,False,True,True,False,True,False,False,True,True,10141568,bytes,79690
44,True,False,True,False,False,False,True,True,False,False,True,False,True,True,False,False,True,False,False,False,True,False,True,True,True,False,False,True,False,False,False,10193880,bytes,79728
45,True,False,False,True,False,True,True,True,True,True,True,False,False,False,False,False,False,False,False,True,True,False,True,False,False,True,False,False,False,False,False,8443120,bytes,66475
46,False,False,False,True,True,False,False,False,False,False,False,False,True,False,False,False,True,True,True,True,True,False,True,False,True,True,True,False,False,True,False,10136432,bytes,79815
47,True,False,False,False,True,True,True,False,False,False,False,True,False,True,True,False,False,False,False,True,True,False,True,True,True,True,True,True,True,False,True,9117168,bytes,71925
48,True,False,True,False,False,True,False,False,True,True,False,False,True,True,False,False,False,False,False,False,False,False,True,False,True,False,True,False,False,False,False,9070760,bytes,71025
49,True,False,False,False,False,False,False,True,True,True,True,False,True,True,False,False,True,True,True,False,False,False,False,False,False,True,True,False,False,True,True,10165744,bytes,79481
50,False,False,False,False,True,True,False,True,True,True,False,False,False,True,False,False,False,True,False,True,True,False,False,False,True,True,False,True,True,False,True,8631712,bytes,68429
51,True,False,True,False,True,True,True,True,False,False,True,False,False,False,True,False,True,False,False,False,False,True,True,False,True,True,True,True,True,True,False,10177712,bytes,79743
52,False,False,False,True,False,False,False,False,False,False,False,True,True,False,False,False,False,True,True,False,False,True,False,False,True,True,False,False,False,False,False,9768744,bytes,77406
53,True,True,False,False,True,True,False,True,False,False,False,False,True,False,False,False,True,False,True,True,True,False,True,True,True,False,True,True,True,False,True,10191168,bytes,79575
54,False,True,True,True,True,False,False,False,True,True,False,False,True,True,True,False,True,False,False,True,True,False,False,False,True,True,False,True,False,True,True,10099352,bytes,79328
55,True,True,False,True,True,False,True,True,True,False,True,True,True,False,True,False,True,True,False,True,True,True,False,False,True,True,True,True,True,False,True,10080064,bytes,79255
56,False,False,False,False,True,True,False,True,True,False,True,False,True,True,False,False,False,False,True,True,True,True,False,True,False,True,False,True,False,True,False,9635200,bytes,75550
57,True,True,True,True,False,False,True,False,True,True,True,False,False,False,False,False,True,True,True,True,True,False,False,True,True,True,True,True,True,False,True,10125072,bytes,79654
58,False,False,True,False,True,False,False,False,False,True,True,True,False,False,False,False,True,False,True,False,True,True,False,False,False,True,False,False,True,False,False,10213128,bytes,80461
59,True,True,True,False,True,False,True,True,False,False,True,False,True,False,True,False,False,True,True,False,True,False,False,False,True,True,True,False,True,False,False,9078536,bytes,71143
60,True,False,True,False,True,False,True,True,False,False,False,False,True,True,False,False,False,True,False,True,False,False,True,False,False,False,True,True,True,False,False,8958848,bytes,70114
61,False,True,False,True,False,True,True,True,False,True,True,False,True,True,False,False,True,True,True,False,True,True,True,True,True,False,False,False,True,True,False,10123800,bytes,79417
62,True,True,True,False,True,True,True,True,False,True,False,True,False,False,True,False,False,True,False,False,False,False,False,True,False,False,False,False,False,True,False,8559240,bytes,67384
63,True,False,True,True,False,False,False,True,True,True,False,True,False,True,True,False,True,False,True,False,False,False,True,False,True,True,True,True,False,True,False,10071792,bytes,79085
64,False,False,False,False,True,False,False,True,True,True,True,False,False,True,True,False,True,True,True,True,True,False,False,False,True,True,False,False,True,False,False,10165680,bytes,79509
65,True,False,True,False,True,True,True,True,True,False,False,False,False,False,True,False,False,False,False,True,False,False,True,True,False,True,True,True,False,False,True,8930912,bytes,69816
66,True,True,True,False,False,False,False,True,False,False,False,False,False,True,False,False,True,True,True,True,True,False,True,True,False,True,True,True,True,True,True,10212096,bytes,79842
67,True,False,True,False,True,True,True,True,False,False,True,True,True,True,False,False,True,True,False,True,True,True,False,False,True,False,False,False,False,False,False,10191936,bytes,79704
68,True,False,True,True,False,False,True,False,True,True,True,True,False,True,False,False,False,False,True,False,True,False,True,False,False,True,True,True,True,True,False,8857912,bytes,69824
69,True,False,False,False,True,True,True,False,True,True,True,True,False,False,True,False,True,False,True,True,True,False,False,True,True,True,False,False,False,False,True,10199288,bytes,80510
70,True,False,True,False,True,True,True,False,True,False,True,True,False,False,False,False,False,False,False,True,False,True,True,True,False,True,True,True,True,True,True,10085416,bytes,78851
71,True,True,False,False,False,False,True,False,True,True,True,False,False,False,True,False,False,True,False,False,True,True,True,False,True,False,False,False,False,False,False,9785808,bytes,76995
72,False,True,False,False,True,True,False,False,False,True,False,False,True,False,True,False,False,False,False,False,True,False,True,True,True,True,False,False,True,True,True,8695544,bytes,68578
73,False,True,False,True,True,False,True,True,False,True,False,True,True,False,True,False,False,True,True,False,False,False,False,True,False,False,False,False,False,False,False,8505488,bytes,67298
74,True,True,True,True,True,True,False,False,False,False,False,True,False,True,True,False,True,False,False,True,True,True,False,True,True,True,False,False,True,True,True,10138856,bytes,79570
75,False,False,True,False,True,False,False,False,False,True,False,True,False,False,True,False,False,False,False,False,True,False,False,True,False,False,False,False,False,False,True,8578536,bytes,67578
76,True,False,True,True,False,False,False,False,False,False,False,True,True,True,False,False,True,True,True,False,False,False,False,False,True,False,False,False,True,False,False,10136360,bytes,79800
77,False,False,False,True,False,True,True,True,False,True,True,True,False,True,True,False,True,True,True,False,True,False,False,True,False,True,True,True,True,False,False,10123800,bytes,79417
78,True,True,False,True,False,True,True,False,True,False,False,True,False,True,True,False,False,True,False,True,False,True,False,True,False,True,False,True,False,True,False,9625272,bytes,76228
79,True,False,True,False,False,True,True,True,True,True,True,False,False,False,True,False,False,False,True,False,True,False,False,True,False,False,True,True,True,False,True,8930832,bytes,69801
80,True,False,False,True,True,True,False,False,False,True,False,False,False,False,True,False,True,False,True,False,True,True,True,False,True,False,False,True,False,False,True,10125560,bytes,79510
81,True,False,True,False,False,False,False,True,False,False,False,False,False,True,False,False,False,True,True,False,False,False,False,False,True,False,True,True,False,True,True,9078536,bytes,71143
82,False,False,True,False,True,True,False,False,True,False,False,False,True,True,False,False,False,False,False,True,True,True,True,True,False,True,True,False,False,True,False,10085416,bytes,78851
83,False,True,True,True,True,False,False,False,True,False,False,False,False,False,False,False,False,True,True,True,False,True,True,True,True,True,True,True,False,False,True,10125072,bytes,79654
84,False,True,True,False,True,False,False,False,True,False,False,True,False,False,True,False,False,False,False,False,False,True,False,True,True,True,True,True,True,True,False,10202064,bytes,80355
85,True,False,True,False,False,False,False,False,True,False,False,False,False,True,False,False,True,False,True,False,True,True,False,True,False,False,True,False,True,False,True,10202064,bytes,80355
86,False,True,False,False,False,True,False,True,False,True,False,False,True,True,True,False,False,False,False,False,True,True,False,True,True,False,False,False,False,False,False,9782960,bytes,76877
87,False,False,False,True,True,True,True,False,False,True,False,False,True,False,True,False,False,False,False,False,False,False,False,True,True,False,False,True,False,True,False,8637904,bytes,68287
88,False,True,False,True,True,True,True,True,True,True,True,True,True,False,False,False,True,True,False,False,False,True,False,True,True,False,False,False,False,True,True,10090944,bytes,79223
89,True,False,False,False,True,True,False,True,False,True,False,False,False,True,False,False,True,False,False,True,False,False,True,False,False,True,True,False,False,False,False,10177640,bytes,79656
90,True,True,False,True,False,False,False,True,True,True,False,True,False,False,False,False,True,True,True,True,False,True,True,True,True,False,False,False,True,False,True,10097472,bytes,79333
91,True,False,False,False,False,False,False,True,True,False,False,False,True,True,False,False,False,False,True,False,True,False,False,False,False,False,False,True,True,True,False,8501440,bytes,66934
92,True,False,False,True,False,True,False,False,True,False,False,True,False,True,False,False,True,True,True,True,True,False,True,True,False,True,True,False,False,True,True,10118544,bytes,79561
93,True,False,False,False,False,True,False,False,True,True,False,False,False,True,True,False,True,True,False,False,False,False,False,False,True,False,False,True,True,False,True,10196032,bytes,81048
94,False,False,False,False,False,True,False,False,False,True,False,False,True,False,False,False,False,False,False,True,False,True,True,False,False,True,False,True,False,False,True,9677496,bytes,75962
95,True,True,False,False,False,True,True,False,False,False,False,False,False,False,False,False,False,True,True,False,True,False,False,False,True,True,False,False,False,False,False,8692624,bytes,68697
96,False,True,False,False,False,True,True,False,False,False,True,False,False,True,True,False,True,True,False,False,False,False,False,True,False,False,False,False,True,False,True,10238304,bytes,80121
97,True,True,True,False,True,False,False,True,False,False,False,True,False,False,False,False,False,False,False,True,False,True,False,False,False,False,False,True,True,True,False,9649272,bytes,75645
98,False,False,False,False,True,False,True,False,True,False,True,False,False,True,True,False,False,True,False,True,True,True,False,False,True,True,True,True,True,True,False,10198480,bytes,80712
99,True,False,True,False,True,True,True,False,False,False,True,True,False,True,False,False,False,False,True,True,True,False,False,False,False,False,False,True,False,True,True,8558512,bytes,67601
100,True,False,False,True,True,True,True,False,False,False,False,True,True,False,True,False,True,True,False,False,False,False,True,False,False,True,True,False,False,False,False,10133928,bytes,79663
101,False,True,True,False,True,False,True,False,False,True,True,True,False,False,False,False,True,False,False,False,True,True,True,True,False,True,False,True,True,True,True,10230864,bytes,80157
102,True,False,True,False,False,False,True,True,True,True,False,False,True,True,True,False,True,True,True,True,False,False,False,False,False,False,False,True,True,False,True,10165680,bytes,79509
103,False,False,False,True,True,False,False,True,True,False,True,True,True,False,True,False,True,False,True,False,False,True,True,False,False,True,True,True,False,False,False,10071792,bytes,79085
104,False,True,True,True,False,True,True,True,False,False,True,False,False,True,True,False,False,False,False,False,True,True,True,False,False,False,False,False,True,True,True,9599880,bytes,75803
105,False,False,True,False,False,True,True,False,True,True,False,False,False,True,False,False,False,True,False,False,False,True,True,True,False,True,True,False,False,True,False,10095672,bytes,79009
106,False,False,False,False,False,False,True,True,False,False,True,False,True,False,True,False,False,True,False,False,False,True,False,True,True,True,True,False,False,False,True,10212064,bytes,79873
107,True,True,True,False,True,True,False,False,False,True,True,False,True,False,False,False,True,True,False,True,True,True,False,False,True,False,True,False,False,True,True,10224768,bytes,79981
108,False,False,False,True,True,False,True,True,False,False,True,False,False,False,True,False,True,True,False,True,True,False,False,False,True,True,True,True,False,False,True,10108752,bytes,79376
109,True,True,True,False,True,False,True,False,False,False,True,True,True,False,False,False,True,False,True,False,False,False,True,True,False,True,False,True,False,True,True,10230864,bytes,80157
110,False,True,True,True,True,True,True,True,True,False,False,True,True,False,False,False,False,True,False,False,True,False,True,False,False,False,False,True,False,False,True,8455848,bytes,66579
111,True,False,True,True,False,False,False,True,True,False,True,False,True,True,False,False,True,False,False,False,True,False,True,False,True,False,True,True,False,True,False,10071792,bytes,79085
112,True,False,False,True,True,True,False,False,True,False,False,True,True,True,True,False,False,False,False,False,True,False,False,False,True,False,False,True,True,True,True,8591584,bytes,67950
113,False,True,True,False,False,False,False,True,True,True,False,False,False,False,False,False,False,True,False,False,False,False,False,False,True,True,True,True,True,False,True,9053760,bytes,70972
114,False,True,False,False,True,True,True,True,True,True,False,False,True,False,False,False,False,True,True,False,False,True,False,True,True,False,False,True,False,True,True,9768568,bytes,76755
115,True,False,True,False,True,False,False,False,True,True,True,True,True,True,True,False,False,True,False,True,True,True,False,True,False,False,False,False,True,True,False,9683920,bytes,76134
116,True,False,False,False,False,True,True,True,False,False,True,True,True,True,True,False,True,True,False,False,False,False,False,False,False,True,False,False,True,False,False,10191936,bytes,79717
117,False,True,False,True,False,True,False,False,True,False,True,True,False,True,False,False,True,True,True,True,True,True,True,True,False,True,True,False,True,False,True,10118544,bytes,79561
118,False,False,False,False,True,True,False,True,False,True,False,True,True,False,False,False,False,False,True,False,True,True,False,True,True,False,True,True,False,True,True,10191144,bytes,79582
119,False,False,True,True,True,False,True,True,False,True,True,False,True,True,False,False,True,True,True,False,True,False,False,False,True,False,False,False,False,False,True,10108752,bytes,79416
120,True,True,True,False,False,False,False,True,True,False,True,True,True,False,False,False,False,False,False,True,False,True,False,False,True,False,False,True,False,True,False,9743856,bytes,76735
121,True,False,True,True,True,False,True,False,False,True,True,False,False,True,True,False,False,False,False,True,False,False,True,True,True,True,True,True,False,True,False,9020576,bytes,71276
122,False,False,True,True,False,True,False,False,True,True,False,False,True,True,False,False,False,False,True,False,False,False,False,True,True,True,True,False,False,True,False,8984928,bytes,70818
123,True,False,True,True,False,False,False,True,False,False,True,True,False,True,True,False,False,True,False,True,False,False,False,True,False,False,True,True,False,True,True,8878384,bytes,69846
124,True,True,True,True,True,False,True,False,True,True,False,True,True,True,True,False,False,True,True,False,False,True,False,False,True,True,True,True,False,True,False,10111712,bytes,79498
125,True,True,True,True,False,False,False,False,True,False,True,False,False,False,False,False,True,False,True,False,False,False,True,True,True,False,True,False,True,True,False,10117056,bytes,79575
126,False,False,False,False,True,False,False,True,False,False,True,False,False,False,True,False,True,False,True,True,True,True,False,False,False,True,False,False,False,False,True,10180384,bytes,79501
127,False,False,True,True,True,True,True,False,True,True,False,True,True,False,False,False,True,True,True,False,False,True,True,False,True,False,True,False,True,False,False,10101088,bytes,79511
128,True,True,False,False,True,False,False,True,True,True,False,True,False,False,False,False,True,True,True,True,True,False,False,False,False,True,False,False,True,True,False,10165680,bytes,79509
129,False,True,False,True,True,True,False,True,True,False,True,False,True,False,True,False,True,False,True,True,True,False,True,True,False,True,False,True,True,False,True,10078368,bytes,79096
130,False,True,True,False,True,False,False,True,True,True,True,False,True,False,False,False,False,False,False,True,True,False,True,True,True,True,True,False,False,True,False,9053264,bytes,70807
131,False,True,False,False,False,False,False,True,False,True,True,False,True,False,True,False,False,True,False,False,True,True,False,False,False,True,False,False,False,False,False,9664240,bytes,75912
132,True,True,False,False,False,True,False,True,False,True,True,False,False,False,True,False,True,False,False,False,False,False,False,True,True,True,False,True,False,False,False,10191144,bytes,79582
133,True,False,True,False,False,False,True,True,False,True,True,False,False,False,False,False,False,True,True,True,True,False,True,False,False,False,True,False,False,False,True,8958848,bytes,70114
134,False,True,True,False,False,True,False,True,False,False,True,True,False,True,False,False,False,False,True,False,True,False,True,False,False,False,False,False,False,False,True,8531656,bytes,67201
135,False,False,False,True,True,False,False,False,False,False,True,False,False,True,True,False,True,True,True,True,False,True,True,False,True,False,False,True,True,False,False,10136432,bytes,79815
136,True,True,True,False,False,True,True,True,False,True,True,False,False,True,False,False,True,True,True,True,True,True,True,True,False,True,True,False,False,True,True,10205536,bytes,79765
137,True,True,False,True,True,True,True,False,True,False,False,False,True,False,False,False,True,True,False,True,False,False,False,True,False,False,False,False,False,False,False,10118544,bytes,79561
138,False,False,True,True,False,False,True,True,True,False,True,False,True,False,False,False,True,True,True,False,True,False,False,True,False,False,False,False,True,False,True,10097464,bytes,79342
139,True,True,False,False,False,True,False,False,True,True,True,False,True,True,False,False,False,False,True,True,True,True,False,True,False,True,True,True,False,False,False,10085416,bytes,78851
140,False,False,True,True,True,False,True,False,True,False,False,False,True,True,True,False,True,True,False,True,True,True,False,False,True,True,True,True,True,False,True,10111712,bytes,79486
141,False,False,True,False,True,False,False,False,True,False,True,True,False,True,True,False,False,False,False,True,True,False,False,False,True,True,True,True,False,False,False,9073464,bytes,71205
142,False,True,True,False,False,False,False,False,True,False,False,True,False,True,False,False,True,False,False,True,True,True,True,True,True,True,False,False,True,False,False,10202032,bytes,80354
143,False,False,True,False,False,False,False,True,False,True,True,False,False,False,True,False,True,False,True,True,True,True,True,True,False,True,True,True,False,False,True,10193912,bytes,79714
144,False,False,True,True,False,True,True,False,False,True,False,False,False,True,False,False,True,True,False,False,True,False,True,False,True,True,True,False,True,False,True,10133928,bytes,79663
145,False,True,False,True,True,True,False,False,True,False,False,True,False,True,False,False,False,True,True,False,True,False,False,True,True,True,True,True,True,False,True,8997312,bytes,70934
146,True,True,True,True,False,True,False,True,True,False,True,True,False,True,True,False,False,True,True,True,True,True,False,True,False,False,False,False,True,False,False,9593152,bytes,75949
147,False,False,False,False,True,False,True,True,False,True,True,False,True,True,True,False,True,True,True,True,False,False,False,False,False,True,True,False,False,True,False,10194400,bytes,79706
148,True,False,True,True,False,True,False,False,False,True,True,True,True,True,True,False,True,True,True,True,True,False,False,True,True,True,False,False,True,False,True,10147416,bytes,79828
149,True,True,False,True,True,True,True,True,False,True,False,False,True,False,True,False,False,True,False,True,True,True,False,True,False,False,False,False,True,True,True,9625776,bytes,76150
150,True,False,False,False,True,True,False,True,False,True,False,True,False,True,False,False,False,True,False,False,False,True,True,False,True,False,True,True,True,False,False,10191936,bytes,79717
151,True,False,False,False,True,True,False,True,True,False,True,False,True,True,False,False,False,True,False,False,True,True,True,False,False,False,True,False,True,False,True,10049312,bytes,78385
152,False,False,False,False,False,False,True,True,True,False,True,True,True,True,False,False,True,True,True,True,True,True,False,True,False,False,False,False,False,True,False,10179248,bytes,79721
153,False,False,True,True,False,False,True,False,True,True,True,False,False,False,False,False,True,True,False,False,True,True,True,True,False,False,False,False,True,True,True,10125280,bytes,79627
154,True,True,True,True,False,False,False,False,True,False,False,True,True,True,False,False,True,True,True,True,False,False,False,False,False,True,False,True,False,False,True,10111712,bytes,79486
155,False,False,False,False,True,True,True,True,False,False,True,True,True,True,False,False,False,False,True,True,False,False,True,True,False,False,False,True,True,True,False,8544840,bytes,67364
156,True,True,False,False,True,True,True,False,True,False,False,True,False,False,True,False,False,False,False,False,False,False,True,True,True,False,False,True,True,True,True,8670848,bytes,68316
157,False,True,True,False,False,False,True,False,True,False,False,True,False,True,True,False,True,False,False,True,False,False,True,True,True,True,False,False,True,True,False,10202032,bytes,80354
158,True,True,True,False,False,False,False,True,True,False,False,False,True,False,False,False,True,True,True,False,False,True,True,False,True,True,False,True,True,False,True,10165744,bytes,79481
159,True,True,True,False,False,True,False,True,True,False,True,False,False,False,False,False,False,True,False,False,True,False,True,True,False,False,False,True,False,False,True,8530408,bytes,67248
160,True,True,False,False,True,False,False,False,True,True,False,True,True,True,False,False,False,True,True,True,True,True,True,False,False,False,True,False,False,True,False,10084600,bytes,78877
161,True,True,False,False,True,True,False,False,True,False,True,False,True,True,True,False,True,True,True,True,True,True,True,True,False,True,True,False,False,True,False,10213672,bytes,80035
162,True,True,False,True,True,True,True,True,False,False,True,False,True,False,False,False,False,False,True,True,False,False,True,False,False,True,True,True,True,True,True,8845936,bytes,69602
163,True,False,True,False,True,True,True,True,True,True,False,False,True,True,True,False,True,True,False,True,False,True,True,False,True,True,True,True,True,False,True,10159120,bytes,79429
164,False,True,True,False,True,False,False,True,True,True,True,False,False,True,True,False,True,True,False,True,False,True,True,False,True,True,False,False,False,False,True,10165680,bytes,79509
165,False,True,True,True,False,False,False,True,True,False,True,True,False,False,True,False,True,False,False,True,True,True,False,False,True,True,False,False,True,True,False,10071800,bytes,79076
166,False,True,True,True,True,True,False,False,False,True,False,True,False,True,True,False,False,False,True,True,True,False,True,False,False,True,False,True,True,False,True,8500656,bytes,67171
167,False,False,False,False,False,False,True,True,True,False,True,False,True,False,False,False,False,True,False,True,False,False,False,True,False,True,True,False,True,False,True,8943504,bytes,70179
168,True,False,True,False,False,False,True,False,True,False,False,False,False,False,True,False,True,True,False,False,False,True,False,True,False,False,False,True,True,False,True,10216096,bytes,80202
169,True,True,True,True,False,False,True,True,True,False,True,False,False,False,True,False,True,True,True,False,True,False,False,False,False,False,False,True,True,False,True,10080056,bytes,79274
170,False,False,False,False,True,False,True,False,False,False,True,False,True,False,True,False,True,True,False,True,False,True,True,True,True,False,True,False,False,True,True,10240840,bytes,80084
171,True,True,False,False,True,True,False,True,True,True,True,False,False,True,True,False,False,False,False,True,True,True,True,False,True,False,True,False,True,True,False,10148952,bytes,79536
172,False,False,False,True,True,True,False,True,False,False,True,False,False,False,False,False,False,False,False,True,False,False,False,False,True,True,False,False,True,False,False,8591768,bytes,67731
173,True,True,False,False,False,True,False,True,False,False,True,True,False,False,True,False,True,False,True,False,True,False,True,True,True,True,False,True,False,True,False,10191144,bytes,79582
174,True,True,False,False,True,True,True,False,True,True,True,True,False,True,False,False,True,True,False,False,True,True,False,True,False,True,False,True,False,True,False,10213632,bytes,80003
175,True,True,True,False,False,False,False,True,False,True,True,True,True,True,True,False,True,True,True,False,True,False,True,False,True,True,True,True,True,False,False,10194400,bytes,79697
176,False,True,True,True,True,True,False,True,False,False,False,True,False,True,False,False,True,False,True,False,False,False,False,True,True,False,False,True,False,False,False,10111128,bytes,79263
177,False,True,True,True,False,False,False,True,True,True,True,False,True,True,True,False,True,True,True,True,True,False,True,True,False,True,True,False,False,False,True,10097472,bytes,79333
178,False,False,False,True,True,False,True,False,False,True,False,False,True,False,True,False,True,True,True,False,False,False,False,False,True,False,True,True,True,False,True,10136360,bytes,79800
179,False,False,True,False,True,True,True,True,True,False,True,False,False,False,False,False,True,False,True,True,False,True,False,False,False,True,True,True,False,True,True,10148952,bytes,79536
180,False,True,False,True,False,True,False,False,True,False,False,False,False,False,False,False,True,False,True,True,True,True,False,True,False,False,True,True,True,False,False,10106120,bytes,79455
181,False,False,True,True,False,False,True,True,False,False,False,True,True,True,False,False,False,True,True,False,True,True,False,False,True,True,True,True,True,False,False,10108752,bytes,79416
182,False,True,True,True,True,False,False,False,False,False,False,False,False,False,True,False,True,True,True,False,True,False,False,False,True,False,False,False,True,True,False,10136360,bytes,79800
183,False,True,True,False,True,False,True,False,True,True,True,True,False,False,False,False,True,False,True,False,True,False,True,False,True,True,False,False,True,False,True,10188496,bytes,80474
184,True,True,False,True,True,True,True,True,True,True,False,True,False,True,False,False,True,True,True,False,True,False,True,False,True,True,False,False,False,False,False,10073528,bytes,79141
185,True,True,True,True,True,False,False,False,True,True,False,False,False,False,True,False,False,False,True,False,False,False,False,False,False,True,True,True,True,False,False,8857912,bytes,69824
186,True,False,False,False,True,False,True,False,True,False,False,True,False,True,False,False,True,True,True,False,True,True,True,False,True,True,True,False,False,True,True,10198496,bytes,80560
187,False,True,False,False,False,True,True,True,False,False,False,False,True,True,False,False,False,False,False,False,True,False,False,True,True,False,False,True,False,True,False,8663520,bytes,68196
188,True,True,False,False,False,True,True,True,True,False,False,True,True,True,True,False,False,False,True,True,True,True,False,False,True,False,True,False,False,True,False,10148952,bytes,79536
189,False,False,False,False,True,True,False,False,True,False,False,False,False,False,True,False,True,True,False,False,True,False,True,True,False,False,True,False,False,True,True,10213632,bytes,80003
190,True,True,True,False,True,False,False,False,True,True,True,True,True,False,False,False,False,True,False,True,True,True,False,True,True,False,True,True,True,True,False,10216136,bytes,80217
191,True,True,False,True,False,True,True,True,True,True,True,False,True,False,False,False,True,True,True,False,False,False,True,False,True,False,False,False,False,True,True,10073528,bytes,79141
192,False,False,False,False,True,False,False,False,False,False,True,False,True,False,True,False,True,False,False,False,False,True,False,True,False,True,True,True,False,False,False,10230864,bytes,80157
193,True,False,True,True,False,False,False,False,True,False,True,False,True,True,True,False,False,False,False,False,True,True,False,False,False,False,False,True,False,True,True,9606192,bytes,75794
194,False,True,True,True,False,False,False,True,True,True,False,False,False,True,True,False,True,False,False,True,True,False,False,True,True,True,True,True,False,True,False,10085176,bytes,79241
195,True,False,True,True,True,False,False,True,True,False,True,True,False,False,False,False,True,True,False,True,False,True,False,False,False,True,False,False,True,True,True,10080064,bytes,79255
196,False,True,True,True,True,False,False,True,False,True,True,False,False,True,True,False,True,False,True,True,True,False,False,True,True,True,True,True,True,False,False,10113840,bytes,79409
197,False,True,False,False,False,True,False,False,True,False,True,False,True,False,True,False,True,True,False,False,True,False,False,False,False,False,False,True,True,True,True,10196032,bytes,81048
198,False,True,False,False,True,False,False,False,True,False,True,True,True,False,True,False,True,True,False,False,True,True,True,True,True,True,True,False,False,False,False,10216096,bytes,80202
199,True,True,True,False,True,True,False,False,True,False,True,True,False,True,True,False,True,False,False,True,True,True,False,True,True,False,True,False,True,True,True,10199288,bytes,80510
