,--disable-avs,--disable-swscale,--disable-lavf,--disable-ffms,--disable-gpac,--disable-lsmash,--enable-lto,--enable-debug,--enable-gprof,--enable-strip,--enable-pic,--disable-asm,--enable-shared,--enable-static,--enable-bashcompletion,--disable-cli,--disable-bashcompletion,--disable-opencl,--disable-gpl,--disable-thread,--disable-win32thread,--disable-interlaced,--system-libx264,--bit-depth=8,--bit-depth=10,--bit-depth=all,--chroma-format=400,--chroma-format=420,--chroma-format=422,--chroma-format=444,--chroma-format=all,binary-size,unit,nr-of-gadgets
0,False,False,False,False,True,False,True,False,True,False,True,True,False,False,False,False,True,False,False,False,False,False,True,False,True,False,False,True,False,False,False,3096112,bytes,106878
1,True,True,True,True,True,False,False,False,False,True,True,False,False,False,False,False,True,False,False,False,False,True,False,True,False,False,True,False,False,False,False,1704056,bytes,62065
2,False,True,True,True,False,False,False,True,True,False,True,True,False,False,False,False,True,False,False,True,True,False,True,False,False,False,False,False,True,False,False,3096112,bytes,106878
3,True,False,True,False,False,False,False,False,False,False,True,False,False,False,False,False,False,False,False,True,True,True,False,False,True,False,False,True,False,False,False,1718552,bytes,58537
4,True,False,False,False,False,True,False,True,True,False,True,True,False,False,False,False,False,False,False,True,False,True,True,True,False,False,False,False,False,False,False,3096112,bytes,106878
5,False,False,True,False,True,False,True,False,True,False,True,True,False,False,False,False,True,True,False,False,False,True,False,False,True,False,False,False,False,False,True,1629640,bytes,53806
6,True,False,True,True,False,True,False,False,False,True,True,False,False,False,False,False,True,True,True,True,False,True,False,True,False,False,False,False,False,True,False,1130520,bytes,44145
7,False,True,True,True,True,True,False,True,False,False,True,True,False,False,False,False,True,True,True,False,False,True,True,False,False,True,False,True,False,False,False,3096112,bytes,106878
8,True,True,True,True,False,False,True,False,False,False,True,True,False,False,False,False,True,True,False,True,True,False,False,False,False,True,False,True,False,False,False,2217328,bytes,76805
9,True,False,True,False,False,False,False,True,True,True,False,False,False,False,True,False,False,True,False,False,False,True,False,True,False,False,True,False,False,False,False,1415672,bytes,51251
10,True,False,False,False,False,True,True,False,True,True,True,True,False,False,True,False,False,True,True,False,True,False,True,False,False,False,False,True,False,False,False,3096112,bytes,106878
11,True,False,True,False,False,False,False,True,False,False,True,False,False,False,True,False,False,False,False,False,True,False,True,True,False,False,False,False,False,True,False,3096112,bytes,106878
12,False,False,False,False,False,True,False,False,False,True,True,False,False,False,False,False,True,False,True,False,False,False,True,False,True,False,False,False,False,False,True,3096112,bytes,106878
13,False,True,True,True,False,False,False,True,False,False,False,False,False,False,False,False,False,False,False,False,False,True,False,True,False,False,False,False,False,True,False,5484032,bytes,53579
14,True,False,False,False,True,False,False,True,True,True,False,True,False,False,True,False,False,False,True,False,True,True,False,False,True,False,False,False,True,False,False,1173656,bytes,41550
15,True,False,True,False,True,False,False,True,False,True,True,True,False,False,True,False,False,False,True,True,True,True,True,False,False,True,False,False,True,False,False,3096112,bytes,106878
16,True,False,True,False,True,False,False,False,True,False,False,True,False,False,True,False,False,False,True,True,True,True,False,True,False,False,False,False,False,False,False,1671088,bytes,53229
17,False,True,True,True,True,True,True,False,False,False,False,False,False,False,True,False,False,False,False,True,True,False,False,False,False,True,False,False,False,True,False,2302360,bytes,77515
18,True,True,True,True,False,False,False,True,True,True,True,False,False,False,True,False,False,True,True,False,True,False,True,True,False,False,False,False,False,False,True,3096112,bytes,106878
19,False,False,True,False,False,True,True,False,False,False,False,True,False,False,True,False,False,True,True,True,True,False,False,False,False,False,False,True,False,False,False,1663296,bytes,59751
20,True,False,False,False,True,False,False,True,False,True,True,False,False,False,False,False,False,True,False,False,True,False,True,True,False,False,False,True,False,False,False,3096112,bytes,106878
21,False,True,True,True,True,False,False,True,False,False,False,True,False,False,True,False,False,False,True,False,False,False,False,False,False,True,False,False,True,False,False,8432808,bytes,64602
22,False,False,False,True,False,True,False,False,True,True,True,True,False,False,True,False,False,True,True,False,False,False,False,True,False,False,False,False,False,False,True,1013800,bytes,36816
23,True,False,False,False,True,False,False,True,True,False,True,True,False,False,True,False,False,True,True,True,False,True,True,False,True,False,True,False,False,False,False,3096112,bytes,106878
24,True,False,False,True,True,False,False,True,True,True,True,True,False,False,True,False,False,True,True,False,True,True,True,False,False,False,False,True,False,False,False,3096112,bytes,106878
25,True,False,True,False,True,True,True,False,False,True,True,False,False,False,True,False,False,True,True,True,True,False,True,False,False,True,False,False,True,False,False,3096112,bytes,106878
26,False,True,True,True,True,False,False,True,False,False,False,True,False,False,False,False,True,False,False,False,True,True,False,False,True,False,False,False,True,False,False,4577040,bytes,42421
27,False,False,True,False,False,True,True,False,False,False,True,False,False,False,False,False,False,True,False,True,False,True,True,False,False,True,False,False,True,False,False,3096112,bytes,106878
28,True,False,False,False,False,False,False,True,True,True,True,True,False,False,False,False,True,True,False,False,True,True,False,False,False,True,False,False,False,False,True,1829544,bytes,65724
29,False,False,True,False,False,True,False,True,True,False,True,False,False,False,True,False,False,False,False,False,True,True,True,True,False,False,False,False,True,False,False,3096112,bytes,106878
30,True,True,True,True,False,True,True,False,True,False,False,False,False,False,True,False,False,True,True,True,True,False,False,False,False,True,False,False,False,True,False,2218168,bytes,72943
31,True,False,False,True,True,False,True,False,True,False,True,True,False,False,False,False,True,False,True,True,True,False,False,True,False,False,False,False,False,False,False,1755144,bytes,57312
32,False,False,True,True,True,False,False,True,False,False,True,False,False,False,False,False,True,True,False,False,False,True,True,False,True,False,False,False,False,False,True,3096112,bytes,106878
33,False,False,True,False,True,False,True,False,False,False,True,False,False,False,False,False,True,True,False,True,True,True,False,True,False,False,False,False,False,False,True,1908656,bytes,67922
34,True,False,False,True,True,True,True,False,True,False,True,False,False,False,False,False,False,True,True,False,False,True,True,False,True,False,False,False,True,False,False,3096112,bytes,106878
35,True,False,False,False,False,False,False,True,False,True,True,True,False,False,False,False,True,True,False,False,False,False,True,False,False,True,True,False,False,False,False,3096112,bytes,106878
36,False,False,True,False,True,True,False,True,False,False,True,True,False,False,False,False,True,True,False,True,True,True,True,False,True,False,False,False,True,False,False,3096112,bytes,106878
37,True,False,False,False,False,True,True,False,True,True,False,True,False,False,False,False,True,False,True,False,False,True,False,False,True,False,False,True,False,False,False,894784,bytes,30703
38,True,True,True,True,False,False,True,False,False,True,True,False,False,False,True,False,False,False,True,True,False,False,False,False,False,True,False,False,False,True,False,2634008,bytes,95893
39,False,True,True,True,False,True,False,True,False,False,True,False,False,False,True,False,False,False,False,False,True,True,True,False,True,False,False,False,False,False,True,3096112,bytes,106878
40,False,False,False,True,True,False,False,False,False,True,True,True,False,False,False,False,False,False,False,False,True,False,False,False,True,False,False,True,False,False,False,1388408,bytes,51230
41,False,False,False,True,True,False,True,False,True,False,False,False,False,False,True,False,False,True,False,False,False,False,False,False,False,True,True,False,False,False,False,2760216,bytes,89207
42,True,False,False,False,True,True,False,False,False,False,True,False,False,False,True,False,False,True,True,False,False,False,True,True,False,False,True,False,False,False,False,3096112,bytes,106878
43,True,False,False,True,False,False,True,False,True,False,True,True,False,False,False,False,False,False,False,True,True,False,True,False,True,False,True,False,False,False,False,3096112,bytes,106878
44,True,True,True,True,True,True,False,True,False,False,True,True,False,False,True,False,False,True,True,True,False,False,True,False,False,True,False,False,False,True,False,3096112,bytes,106878
45,False,False,True,False,True,True,False,True,False,False,True,False,False,False,True,False,False,True,True,True,False,False,False,True,False,False,False,False,False,True,False,4661760,bytes,37639
46,False,False,True,False,True,True,False,True,False,True,False,True,False,False,False,False,True,True,True,True,False,True,False,False,True,False,False,False,False,True,False,650928,bytes,25463
47,True,False,True,False,False,True,True,False,True,False,False,False,False,False,False,False,True,False,True,True,True,True,False,False,False,True,False,True,False,False,False,2279184,bytes,71559
48,False,False,True,False,False,True,False,True,True,True,True,True,False,False,True,False,False,True,True,False,False,False,True,False,False,True,False,True,False,False,False,3096112,bytes,106878
49,False,False,True,False,True,True,False,False,True,False,True,True,False,False,False,False,True,True,True,False,False,False,False,True,False,False,False,False,False,True,False,962520,bytes,32409
50,True,False,False,False,False,True,True,False,True,True,False,True,False,False,True,False,False,True,False,False,True,True,False,False,False,True,False,False,True,False,False,1554424,bytes,53074
51,False,False,True,True,True,True,False,True,True,False,False,True,False,False,False,False,False,False,True,False,False,True,False,True,False,False,False,False,False,True,False,4375264,bytes,24613
52,False,True,True,True,False,True,True,False,True,False,False,False,False,False,False,False,False,False,True,False,False,True,False,False,False,True,False,True,False,False,False,2288264,bytes,71793
53,True,False,False,False,True,False,False,True,False,False,True,True,False,False,False,False,True,True,True,False,False,True,False,False,True,False,True,False,False,False,False,4595632,bytes,43252
54,False,False,False,True,True,True,False,True,True,True,False,False,False,False,False,False,True,False,True,False,True,True,False,False,True,False,True,False,False,False,False,854424,bytes,31728
55,False,False,False,False,False,True,False,True,False,True,True,True,False,False,True,False,False,False,False,True,True,False,True,False,True,False,False,True,False,False,False,3096112,bytes,106878
56,False,True,True,True,False,True,True,False,False,True,True,False,False,False,False,False,False,True,False,True,False,True,False,True,False,False,False,False,False,True,False,1109696,bytes,43511
57,False,False,False,False,False,False,False,False,True,False,True,False,False,False,False,False,True,False,False,True,True,True,True,False,False,True,False,True,False,False,False,3096112,bytes,106878
58,True,False,False,False,True,True,True,False,True,True,False,False,False,False,False,False,False,True,False,False,True,False,False,True,False,False,False,True,False,False,False,1177912,bytes,44038
59,True,False,True,False,True,True,True,False,True,False,False,True,False,False,False,False,True,True,False,False,True,False,False,False,False,False,False,False,False,False,True,1949536,bytes,66465
60,True,True,True,True,False,True,True,False,False,True,True,True,False,False,False,False,True,True,True,True,True,False,False,False,True,False,False,False,True,False,False,892064,bytes,34254
61,False,True,True,True,True,True,False,True,True,True,True,False,False,False,True,False,False,False,False,True,False,False,False,False,False,True,False,False,False,True,False,1756232,bytes,61400
62,False,True,True,True,False,False,False,True,True,False,True,True,False,False,False,False,True,True,False,False,False,False,False,False,False,True,False,False,False,True,False,8206576,bytes,61090
63,False,False,False,True,True,True,True,False,False,True,True,True,False,False,True,False,False,False,True,True,False,False,False,False,False,False,False,False,False,True,False,1687160,bytes,62185
64,True,True,True,True,False,True,True,False,True,False,False,True,False,False,False,False,False,True,True,True,True,True,False,False,False,True,False,True,False,False,False,1600992,bytes,51701
65,True,True,True,True,False,False,True,False,False,True,True,False,False,False,False,False,True,False,False,False,True,False,True,False,False,True,False,True,False,False,False,3096112,bytes,106878
66,False,True,True,True,False,True,True,False,True,True,True,True,False,False,False,False,False,False,False,True,False,False,False,False,True,False,False,False,False,True,False,906640,bytes,31707
67,False,False,False,False,True,True,False,False,False,True,False,True,False,False,False,False,True,False,False,False,False,True,False,False,False,False,False,False,False,True,False,1618320,bytes,58827
68,False,True,True,True,True,False,True,False,True,False,True,False,False,False,False,False,True,False,True,True,False,False,False,False,False,True,False,True,False,False,False,2917048,bytes,93199
69,False,True,True,True,True,True,True,False,True,False,True,False,False,False,False,False,False,False,False,True,False,True,True,False,True,False,False,False,True,False,False,3096112,bytes,106878
70,False,True,True,True,True,True,False,False,False,True,False,False,False,False,True,False,False,True,True,True,True,False,False,False,True,False,False,True,False,False,False,1072944,bytes,41254
71,True,True,True,True,True,False,False,False,True,True,False,False,False,False,False,False,True,False,False,True,False,False,False,False,False,True,False,False,False,True,False,2649112,bytes,91668
72,False,False,True,True,True,True,False,False,False,False,True,False,False,False,True,False,False,False,True,False,False,True,True,False,False,True,False,False,False,False,False,3096112,bytes,106878
73,True,False,False,False,True,True,True,False,True,False,False,False,False,False,True,False,False,False,True,False,True,True,False,False,True,False,False,False,False,False,True,1305648,bytes,44543
74,True,False,False,True,True,False,False,True,True,False,False,True,False,False,True,False,False,False,False,False,False,False,False,False,False,True,True,False,False,False,False,8361728,bytes,59768
75,True,False,True,False,True,True,False,True,True,False,True,True,False,False,False,False,True,False,True,False,False,False,False,False,False,True,False,False,True,False,False,7971024,bytes,44333
76,True,False,False,True,True,True,True,False,True,False,False,False,False,False,True,False,False,True,True,False,True,False,False,False,True,False,True,False,False,False,False,1186832,bytes,39714
77,False,False,False,False,False,True,True,False,True,False,True,True,False,False,False,False,True,False,True,False,False,True,True,True,False,False,False,False,True,False,False,3096112,bytes,106878
78,False,False,True,False,True,True,False,True,False,True,True,True,False,False,False,False,True,False,True,True,False,True,False,False,True,False,False,False,False,False,True,745176,bytes,30222
79,True,True,True,True,True,False,False,True,True,True,False,True,False,False,True,False,False,False,True,False,True,False,False,False,True,False,False,False,True,False,False,1169176,bytes,41824
80,False,False,False,False,True,False,True,False,True,False,True,False,False,False,False,False,True,True,False,True,True,False,True,False,True,False,False,False,False,True,False,3096112,bytes,106878
81,True,False,True,False,True,False,True,False,True,True,False,False,False,False,True,False,False,False,False,True,True,True,False,False,True,False,False,False,True,False,False,1583064,bytes,56091
82,False,False,True,False,True,True,False,True,True,True,True,False,False,False,True,False,False,False,False,False,True,False,True,True,False,False,False,True,False,False,False,3096112,bytes,106878
83,False,False,False,True,False,False,False,False,True,False,True,False,False,False,True,False,False,False,False,False,False,True,True,False,False,True,False,True,False,False,False,3096112,bytes,106878
84,False,False,False,False,True,False,False,True,True,True,True,True,False,False,False,False,False,True,False,False,False,False,False,False,True,False,True,False,False,False,False,1177832,bytes,42108
85,True,False,True,False,True,False,True,False,False,True,True,False,False,False,True,False,False,True,False,True,True,False,True,False,False,True,False,True,False,False,False,3096112,bytes,106878
86,False,False,True,False,False,True,False,False,True,True,True,False,False,False,True,False,False,True,True,True,True,False,True,False,False,True,False,False,False,True,False,3096112,bytes,106878
87,True,False,True,False,True,True,True,False,False,True,False,True,False,False,False,False,False,False,False,True,True,True,False,False,False,False,False,False,False,False,True,1814064,bytes,68390
88,True,True,True,True,True,False,False,True,True,True,True,True,False,False,True,False,False,True,False,False,True,False,False,True,False,False,False,False,False,False,True,1263432,bytes,45012
89,False,True,True,True,False,True,True,False,False,False,True,True,False,False,False,False,False,False,True,True,True,True,True,False,False,False,False,False,False,False,True,3096112,bytes,106878
90,False,False,True,False,True,True,False,True,True,True,True,True,False,False,False,False,True,True,True,True,True,True,True,False,True,False,False,False,True,False,False,3096112,bytes,106878
91,True,False,True,True,True,False,False,True,False,False,False,True,False,False,False,False,False,False,False,True,False,True,False,False,False,False,False,False,True,False,False,8115080,bytes,62061
92,True,False,False,True,False,False,False,False,True,False,True,False,False,False,True,False,False,False,False,False,True,False,False,False,True,False,False,False,False,True,False,1776944,bytes,59125
93,False,False,True,False,True,False,False,False,True,False,True,False,False,False,False,False,False,False,True,True,False,True,False,False,True,False,False,True,False,False,False,1742568,bytes,56767
94,True,False,True,True,False,False,False,True,True,True,False,False,False,False,False,False,True,False,False,True,True,False,False,False,True,False,True,False,False,False,False,1357976,bytes,48951
95,True,True,True,True,True,False,False,True,False,False,False,True,False,False,True,False,False,False,False,False,False,False,False,False,False,True,False,False,True,False,False,8397808,bytes,63409
96,True,False,True,True,False,False,True,False,False,True,False,False,False,False,False,False,False,True,True,False,True,True,False,False,True,False,False,True,False,False,False,1560304,bytes,58249
97,True,False,False,True,True,True,False,False,False,True,False,True,False,False,False,False,True,True,False,False,False,False,False,False,True,False,False,False,True,False,False,876304,bytes,33296
98,True,True,True,True,False,True,False,True,False,True,True,False,False,False,False,False,False,True,False,True,True,True,False,False,False,False,False,False,True,False,False,1590072,bytes,62026
99,True,True,True,True,False,True,True,False,False,True,True,True,False,False,False,False,True,True,True,False,True,False,False,False,False,False,False,False,False,False,True,1818040,bytes,71615
100,True,False,False,True,True,True,False,True,False,False,True,True,False,False,False,False,False,True,False,False,False,True,True,False,True,False,False,True,False,False,False,3096112,bytes,106878
101,True,False,False,False,False,False,False,False,True,True,False,False,False,False,True,False,False,False,True,False,False,True,False,True,False,False,False,False,True,False,False,1751704,bytes,60712
102,True,False,False,False,True,True,False,True,True,False,True,False,False,False,True,False,False,True,False,True,True,True,True,False,False,True,False,True,False,False,False,3096112,bytes,106878
103,True,False,True,True,False,False,False,True,True,True,False,True,False,False,True,False,False,False,True,True,False,True,False,True,False,False,False,False,False,False,True,1337144,bytes,44841
104,True,False,False,False,False,True,True,False,False,False,False,False,False,False,True,False,False,True,False,True,True,False,False,True,False,False,False,False,True,False,False,1269808,bytes,45728
105,False,False,True,False,False,True,False,True,True,True,False,False,False,False,False,False,False,False,True,True,True,True,False,False,True,False,True,False,False,False,False,850200,bytes,31323
106,True,True,True,True,False,True,False,False,False,False,False,True,False,False,True,False,False,False,False,True,False,True,False,True,False,False,False,False,False,True,False,985032,bytes,33425
107,True,True,True,True,True,True,False,False,True,False,True,True,False,False,False,False,True,False,True,True,True,False,True,False,False,True,False,True,False,False,False,3096112,bytes,106878
108,True,False,False,False,True,True,False,False,False,False,True,True,False,False,False,False,True,False,True,True,False,True,True,True,False,False,False,True,False,False,False,3096112,bytes,106878
109,False,False,False,False,False,True,False,False,True,True,True,True,False,False,False,False,False,False,True,False,False,False,True,False,False,True,False,False,False,False,True,3096112,bytes,106878
110,False,True,True,True,True,True,True,False,False,True,True,True,False,False,True,False,False,True,False,False,True,True,False,False,True,False,False,True,False,False,False,863520,bytes,33069
111,True,False,False,True,False,False,True,False,False,False,True,True,False,False,False,False,True,False,False,True,True,False,False,True,False,False,False,False,False,True,False,1610640,bytes,54298
112,False,False,False,True,False,True,False,False,False,True,True,True,False,False,True,False,False,True,True,False,False,True,True,False,False,False,False,False,True,False,False,3096112,bytes,106878
113,False,False,False,True,False,True,False,False,False,False,True,True,False,False,True,False,False,True,False,False,True,True,False,False,True,False,False,True,False,False,False,915168,bytes,32727
114,True,True,True,True,True,True,True,False,True,True,True,True,False,False,True,False,False,False,False,False,True,True,True,True,False,False,False,False,False,True,False,3096112,bytes,106878
115,True,False,True,True,True,False,False,True,False,False,True,False,False,False,False,False,False,False,False,True,True,True,True,True,False,False,False,False,False,False,False,3096112,bytes,106878
116,True,False,True,False,True,False,True,False,False,True,True,True,False,False,True,False,False,False,False,False,True,False,True,True,False,False,False,True,False,False,False,3096112,bytes,106878
117,True,False,False,True,True,True,False,False,True,True,True,False,False,False,True,False,False,False,True,False,True,False,False,False,False,True,True,False,False,False,False,2137480,bytes,75143
118,False,False,False,True,True,False,False,False,False,False,False,True,False,False,False,False,False,False,False,True,True,False,False,True,False,False,False,False,True,False,False,1577896,bytes,52026
119,False,False,True,True,False,True,True,False,True,True,True,False,False,False,False,False,True,False,False,True,False,True,True,True,False,False,False,True,False,False,False,3096112,bytes,106878
120,True,False,False,True,False,False,False,True,True,True,True,True,False,False,True,False,False,True,True,True,False,True,False,False,False,False,True,False,False,False,False,1604040,bytes,57687
121,True,False,True,False,True,True,False,False,True,True,True,True,False,False,False,False,False,False,True,True,False,False,False,False,True,False,False,False,False,True,False,898952,bytes,31909
122,False,False,True,True,False,True,False,True,True,True,True,False,False,False,True,False,False,True,False,True,False,False,True,False,True,False,False,False,False,True,False,3096112,bytes,106878
123,False,True,True,True,False,False,False,True,True,False,False,True,False,False,True,False,False,False,False,False,False,False,False,False,True,False,True,False,False,False,False,4586520,bytes,41512
124,False,False,False,True,False,False,False,False,True,False,False,True,False,False,True,False,False,False,False,False,False,False,False,True,False,False,True,False,False,False,False,1582088,bytes,48945
125,False,True,True,True,False,True,False,True,False,True,True,True,False,False,False,False,False,True,True,True,True,False,True,False,False,True,True,False,False,False,False,3096112,bytes,106878
126,False,False,False,False,False,True,True,False,False,True,True,True,False,False,False,False,False,True,False,False,False,False,True,False,False,True,False,False,False,True,False,3096112,bytes,106878
127,True,False,False,False,True,False,False,True,True,False,False,True,False,False,False,False,True,True,False,True,True,False,False,True,False,False,False,True,False,False,False,4713712,bytes,41797
128,False,False,False,True,False,False,False,True,False,True,True,False,False,False,False,False,True,True,False,True,True,False,True,False,True,False,False,False,False,False,True,3096112,bytes,106878
129,True,False,False,False,True,False,False,False,False,True,True,False,False,False,False,False,False,True,False,True,False,True,True,False,False,True,True,False,False,False,False,3096112,bytes,106878
130,True,False,False,False,True,False,True,False,False,False,True,False,False,False,False,False,True,False,True,True,True,False,True,False,False,True,False,True,False,False,False,3096112,bytes,106878
131,True,True,True,True,False,True,False,True,True,True,False,True,False,False,True,False,False,True,False,False,True,True,False,False,False,False,False,True,False,False,False,1108184,bytes,40300
132,True,True,True,True,False,False,False,True,False,False,False,True,False,False,False,False,False,True,False,False,True,True,False,True,False,False,False,False,True,False,False,4535152,bytes,42064
133,False,True,True,True,False,True,True,False,False,True,True,True,False,False,False,False,False,False,False,False,False,True,True,True,False,False,False,False,False,True,False,3096112,bytes,106878
134,False,True,True,True,True,False,True,False,True,False,True,False,False,False,False,False,True,True,True,True,False,False,True,False,False,True,False,True,False,False,False,3096112,bytes,106878
135,True,False,False,True,False,False,False,True,False,True,True,False,False,False,False,False,True,False,False,True,True,True,False,False,False,True,False,False,True,False,False,2212984,bytes,81492
136,False,True,True,True,False,False,False,True,False,True,False,False,False,False,False,False,False,True,True,True,True,False,False,False,False,False,False,True,False,False,False,2110288,bytes,79144
137,True,False,False,True,True,True,False,True,False,True,False,False,False,False,True,False,False,False,True,False,True,True,False,False,False,True,False,False,False,True,False,1709200,bytes,62792
138,True,False,False,False,True,False,False,True,True,True,False,True,False,False,False,False,False,False,True,False,True,True,False,False,False,True,False,False,False,False,True,1915544,bytes,66389
139,True,False,True,False,False,False,False,True,True,True,True,True,False,False,False,False,True,True,False,False,True,False,True,False,True,False,False,False,True,False,False,3096112,bytes,106878
140,False,False,True,False,False,True,True,False,True,True,True,True,False,False,True,False,False,True,False,False,False,True,True,False,True,False,True,False,False,False,False,3096112,bytes,106878
141,False,False,False,False,True,True,False,True,True,True,False,False,False,False,False,False,True,True,False,True,False,False,False,True,False,False,False,False,False,True,False,952888,bytes,35211
142,False,True,True,True,False,False,True,False,False,False,False,False,False,False,True,False,False,False,True,False,False,True,False,True,False,False,False,False,False,True,False,1877880,bytes,61885
143,True,False,True,False,False,False,False,False,True,False,True,False,False,False,False,False,False,True,False,True,True,True,False,False,True,False,False,False,False,True,False,1742000,bytes,56739
144,True,True,True,True,True,True,False,True,False,True,False,False,False,False,False,False,True,False,False,True,False,True,False,False,True,False,False,True,False,False,False,839472,bytes,32350
145,True,True,True,True,False,False,True,False,True,False,True,False,False,False,False,False,False,False,False,False,False,True,False,False,False,True,False,False,False,True,False,2848152,bytes,89216
146,True,False,False,False,False,False,False,False,True,False,True,True,False,False,False,False,True,True,False,True,True,False,False,False,False,True,False,False,False,False,True,2441584,bytes,81663
147,False,True,True,True,True,True,True,False,False,False,False,False,False,False,False,False,True,False,False,True,False,False,False,True,False,False,False,False,True,False,False,1352912,bytes,46252
148,True,False,False,True,True,False,True,False,False,False,False,True,False,False,True,False,False,True,True,False,False,False,False,False,False,True,False,False,True,False,False,2239512,bytes,77718
149,True,False,False,True,False,False,False,True,True,False,False,False,False,False,False,False,True,True,False,False,False,True,False,False,False,True,False,False,False,False,True,10180456,bytes,82732
150,True,False,False,False,True,True,False,False,True,True,True,False,False,False,False,False,False,False,False,False,True,True,True,False,True,False,True,False,False,False,False,3096112,bytes,106878
151,True,False,True,True,True,True,True,False,True,False,True,False,False,False,False,False,True,False,True,True,True,True,False,True,False,False,False,False,False,True,False,1347608,bytes,42914
152,True,False,True,True,True,True,True,False,True,False,False,False,False,False,False,False,True,True,False,False,True,False,False,False,False,True,True,False,False,False,False,2188512,bytes,71077
153,False,False,False,False,True,False,True,False,False,False,True,True,False,False,True,False,False,False,True,True,True,False,False,True,False,False,False,True,False,False,False,1625096,bytes,54595
154,True,True,True,True,True,False,False,True,True,True,True,True,False,False,True,False,False,True,False,True,False,True,True,True,False,False,False,False,False,True,False,3096112,bytes,106878
155,True,False,False,True,False,True,True,False,False,True,False,True,False,False,True,False,False,True,True,False,True,True,False,False,False,True,False,True,False,False,False,1515152,bytes,56814
156,False,True,True,True,True,True,True,False,True,False,True,False,False,False,False,False,True,True,False,True,True,True,True,False,False,True,False,True,False,False,False,3096112,bytes,106878
157,True,True,True,True,False,False,False,False,False,True,True,False,False,False,False,False,False,True,True,True,False,False,False,True,False,False,False,True,False,False,False,1638392,bytes,62523
158,False,False,False,True,True,False,False,False,False,False,True,True,False,False,True,False,False,False,True,False,True,False,True,False,False,False,False,False,True,False,False,3096112,bytes,106878
159,False,False,True,True,False,True,False,True,False,True,True,True,False,False,False,False,False,True,True,False,True,True,False,False,False,False,False,False,True,False,False,1126552,bytes,45503
160,True,False,True,True,False,True,False,False,False,True,True,False,False,False,True,False,False,True,False,True,False,True,True,False,False,False,False,False,False,True,False,3096112,bytes,106878
161,True,False,False,False,False,False,False,True,False,False,True,True,False,False,False,False,True,True,True,False,True,False,False,False,True,False,False,False,False,True,False,4790216,bytes,44446
162,True,False,False,False,False,True,False,True,False,True,True,False,False,False,False,False,False,False,False,True,True,False,True,False,False,True,False,False,False,True,False,3096112,bytes,106878
163,True,False,False,True,False,True,True,False,True,False,False,True,False,False,False,False,True,True,False,True,True,True,False,True,False,False,False,False,False,False,True,1037368,bytes,35642
164,True,False,True,True,True,False,False,False,True,False,True,False,False,False,True,False,False,False,True,False,True,False,False,True,False,False,False,False,False,False,True,2054216,bytes,68420
165,False,False,True,True,False,False,False,True,False,True,True,False,False,False,False,False,True,False,True,True,True,True,False,True,False,False,False,False,True,False,False,1532024,bytes,54772
166,False,False,False,False,True,False,False,True,False,False,False,False,False,False,True,False,False,True,True,False,True,False,False,False,True,False,False,False,False,False,True,5764200,bytes,55489
167,True,False,False,True,False,True,False,True,True,False,True,False,False,False,True,False,False,False,True,False,False,True,False,True,False,False,False,False,False,False,True,5583496,bytes,38687
168,False,False,False,False,False,True,False,True,False,False,True,True,False,False,True,False,False,False,False,True,False,False,True,True,False,False,True,False,False,False,False,3096112,bytes,106878
169,False,False,False,False,True,False,False,False,False,False,False,False,False,False,False,False,True,False,False,False,True,True,False,False,True,False,False,False,False,False,True,1829424,bytes,63895
170,False,False,False,True,True,False,True,False,True,True,True,True,False,False,True,False,False,True,True,False,True,True,True,False,True,False,False,False,True,False,False,3096112,bytes,106878
171,False,False,False,False,True,False,False,True,False,True,True,False,False,False,False,False,True,True,False,True,True,False,True,False,False,True,False,False,True,False,False,3096112,bytes,106878
172,True,False,False,True,True,True,False,False,True,True,False,True,False,False,False,False,True,True,True,True,True,True,False,True,False,False,False,False,False,False,True,960376,bytes,34285
173,False,False,True,True,False,True,False,True,True,True,True,True,False,False,False,False,True,True,False,False,True,False,False,False,False,True,False,False,False,False,True,1370504,bytes,49977
174,True,False,False,False,False,True,False,True,True,True,True,True,False,False,True,False,False,False,True,True,False,True,True,False,False,False,True,False,False,False,False,3096112,bytes,106878
175,True,False,True,False,False,True,True,False,False,True,True,True,False,False,True,False,False,False,True,False,False,True,True,False,True,False,False,False,False,False,True,3096112,bytes,106878
176,False,False,False,True,False,False,False,False,True,False,False,True,False,False,False,False,True,True,False,True,True,False,False,True,False,False,True,False,False,False,False,1464760,bytes,47537
177,False,True,True,True,True,False,False,True,True,False,False,True,False,False,False,False,False,False,True,True,True,True,False,True,False,False,False,False,False,False,True,5401808,bytes,44937
178,True,True,True,True,True,False,False,False,True,True,True,True,False,False,False,False,True,True,True,False,True,True,False,True,False,False,True,False,False,False,False,1333032,bytes,46786
179,False,False,False,False,True,False,False,True,False,False,True,False,False,False,True,False,False,False,True,False,False,False,True,False,True,False,True,False,False,False,False,3096112,bytes,106878
180,False,False,False,False,False,False,False,True,True,True,True,False,False,False,True,False,False,False,False,True,False,False,False,False,True,False,True,False,False,False,False,1382920,bytes,50118
181,False,False,False,False,True,True,False,False,False,True,False,False,False,False,True,False,False,False,False,False,False,False,False,False,False,True,False,False,False,True,False,2155792,bytes,80521
182,False,False,True,False,False,False,True,False,True,True,False,True,False,False,False,False,True,True,False,False,True,True,False,True,False,False,False,False,False,False,True,1492704,bytes,53665
183,True,False,True,False,True,True,False,False,True,True,True,True,False,False,False,False,True,False,False,False,False,True,False,False,False,True,False,False,True,False,False,1649128,bytes,53371
184,False,False,True,False,False,False,True,False,False,False,False,True,False,False,False,False,False,False,True,False,True,False,False,True,False,False,False,False,False,True,False,1616640,bytes,53476
185,True,False,False,False,False,False,False,True,True,True,True,True,False,False,False,False,True,False,True,True,False,True,True,True,False,False,False,False,True,False,False,3096112,bytes,106878
186,False,False,True,False,True,True,True,False,False,True,False,True,False,False,False,False,True,False,True,False,False,False,False,False,False,False,False,True,False,False,False,1691312,bytes,61827
187,False,True,True,True,True,True,True,False,False,True,True,True,False,False,False,False,False,False,False,True,True,True,False,False,False,True,False,True,False,False,False,1604984,bytes,58403
188,False,False,False,False,True,True,False,False,False,False,True,True,False,False,True,False,False,False,True,True,True,False,True,False,False,True,False,False,True,False,False,3096112,bytes,106878
189,False,False,False,True,True,True,False,True,True,True,False,False,False,False,False,False,True,False,True,False,True,False,False,False,True,False,False,False,False,False,True,985496,bytes,36126
190,True,False,False,True,True,True,False,False,False,False,False,True,False,False,False,False,True,True,True,True,True,True,False,False,True,False,True,False,False,False,False,867624,bytes,30703
191,False,False,True,False,True,True,False,True,False,True,False,True,False,False,False,False,True,True,False,False,True,True,False,False,False,False,False,True,False,False,False,1114352,bytes,43701
192,True,True,True,True,False,True,True,False,True,True,False,True,False,False,True,False,False,False,False,True,False,False,False,True,False,False,False,False,False,True,False,992632,bytes,33234
193,False,True,True,True,False,True,False,False,True,False,True,False,False,False,True,False,False,True,False,True,True,False,False,True,False,False,False,False,False,False,True,1383248,bytes,48629
194,True,False,False,False,False,True,False,False,False,False,True,False,False,False,False,False,False,True,True,True,False,False,True,False,True,False,False,False,False,True,False,3096112,bytes,106878
195,False,True,True,True,True,False,True,False,True,False,False,True,False,False,False,False,False,True,True,True,False,True,False,True,False,False,False,False,False,False,True,1575576,bytes,53151
196,False,True,True,True,False,False,True,False,True,False,True,True,False,False,False,False,False,False,True,False,True,False,True,True,False,False,False,True,False,False,False,3096112,bytes,106878
197,False,False,True,True,False,True,True,False,True,True,True,True,False,False,False,False,True,False,True,True,True,True,False,False,False,True,False,True,False,False,False,1644232,bytes,54957
198,True,False,False,False,False,True,False,True,True,True,True,False,False,False,False,False,True,False,True,False,False,False,True,False,True,False,False,False,True,False,False,3096112,bytes,106878
199,True,True,True,True,False,False,False,True,True,True,True,True,False,False,True,False,False,False,False,False,False,False,False,True,False,False,False,True,False,False,False,1279848,bytes,42191
0,False,False,True,False,False,True,True,False,False,True,False,True,False,False,False,False,True,True,True,False,False,False,False,True,False,False,False,True,False,False,False,900568,bytes,35477
1,False,False,False,False,False,True,False,False,True,True,True,False,False,False,True,False,False,False,False,True,False,False,True,False,False,True,False,False,True,False,False,3096112,bytes,106878
2,False,False,True,False,False,False,True,False,True,True,False,False,False,False,False,False,True,False,False,True,True,True,False,True,False,False,False,True,False,False,False,1738872,bytes,60545
3,False,True,True,True,False,False,False,False,True,True,True,False,False,False,True,False,False,False,True,True,True,False,True,False,False,False,True,False,False,False,False,3096112,bytes,106878
4,True,True,True,True,False,False,False,False,False,True,False,False,False,False,False,False,False,False,False,False,False,True,False,False,False,False,False,False,False,True,False,2585520,bytes,93219
5,False,False,True,True,False,False,True,False,True,False,True,True,False,False,False,False,True,True,True,True,True,True,False,False,True,False,False,False,False,True,False,1493016,bytes,48192
6,True,False,False,False,True,True,True,False,True,False,True,False,False,False,False,False,False,False,False,True,True,False,True,False,False,False,False,False,False,True,False,3096112,bytes,106878
7,False,False,True,True,False,True,True,False,True,False,True,False,False,False,True,False,False,True,True,False,True,True,True,False,False,False,False,True,False,False,False,3096112,bytes,106878
8,False,False,False,False,False,False,True,False,True,False,False,False,False,False,False,False,False,False,False,True,False,True,False,False,False,True,False,True,False,False,False,2842504,bytes,89014
9,False,True,True,True,False,True,True,False,True,False,True,False,False,False,True,False,False,True,False,False,True,True,True,True,False,False,False,False,True,False,False,3096112,bytes,106878
10,True,False,True,True,False,False,False,False,False,True,True,False,False,False,False,False,False,False,False,False,False,False,True,False,True,False,False,False,False,False,True,3096112,bytes,106878
11,False,False,False,False,False,False,False,False,True,False,False,True,False,False,False,False,True,True,True,False,True,True,False,False,True,False,False,False,False,False,True,1595976,bytes,52128
12,False,False,False,False,True,True,True,False,True,True,False,False,False,False,True,False,False,False,True,True,True,True,False,False,True,False,False,True,False,False,False,1087608,bytes,39033
13,False,False,True,True,False,True,False,False,False,False,True,False,False,False,True,False,False,False,False,True,False,False,True,False,True,False,False,True,False,False,False,3096112,bytes,106878
14,False,False,True,False,False,False,False,False,False,True,True,False,False,False,False,False,False,False,True,True,False,False,True,False,True,False,False,False,False,True,False,3096112,bytes,106878
15,True,False,False,False,False,False,False,False,True,False,True,True,False,False,False,False,False,True,True,True,False,False,True,False,False,True,False,False,False,False,True,3096112,bytes,106878
16,True,False,False,False,False,True,True,False,False,False,False,True,False,False,False,False,True,False,True,True,True,False,False,False,False,False,False,False,True,False,False,1776272,bytes,61067
17,False,False,False,False,False,False,True,False,True,False,False,True,False,False,True,False,False,False,False,True,False,True,False,True,False,False,False,True,False,False,False,1595168,bytes,49980
18,False,True,True,True,False,True,True,False,True,True,True,False,False,False,False,False,True,True,True,True,False,False,True,False,False,True,False,True,False,False,False,3096112,bytes,106878
19,True,False,True,False,False,True,False,False,True,False,True,False,False,False,False,False,True,False,True,False,False,False,False,False,False,False,False,True,False,False,False,2371280,bytes,76261
20,True,True,True,True,False,True,True,False,False,False,True,False,False,False,False,False,True,False,False,False,False,False,True,False,True,False,False,False,False,True,False,3096112,bytes,106878
21,True,False,False,True,False,True,False,False,False,False,False,False,False,False,False,False,True,True,True,True,False,True,False,True,False,False,False,True,False,False,False,1225640,bytes,43372
22,True,False,False,True,False,True,False,False,True,True,True,False,False,False,False,False,True,True,False,True,False,True,False,False,False,True,False,False,True,False,False,2026760,bytes,71825
23,True,False,False,True,True,False,True,False,False,True,True,False,False,False,False,False,True,False,True,False,True,True,True,False,False,False,False,False,True,False,False,3096112,bytes,106878
24,True,True,True,True,True,True,False,False,False,False,False,True,False,False,False,False,True,False,True,True,True,True,False,True,False,False,False,False,False,False,False,1084336,bytes,38004
25,True,False,False,True,False,False,True,False,False,False,True,True,False,False,False,False,True,False,True,False,True,True,True,True,False,False,False,False,False,True,False,3096112,bytes,106878
26,True,True,True,True,False,False,False,False,False,False,False,False,False,False,False,False,True,False,True,False,False,False,False,True,False,False,False,True,False,False,False,1901712,bytes,63126
27,True,False,True,False,False,True,True,False,False,True,True,True,False,False,True,False,False,True,False,True,False,False,True,False,True,False,False,False,False,True,False,3096112,bytes,106878
28,True,True,True,True,True,True,False,False,True,True,True,False,False,False,False,False,True,False,False,False,False,False,True,False,False,True,False,False,False,True,False,3096112,bytes,106878
29,False,False,True,False,False,False,False,False,True,False,False,False,False,False,False,False,True,False,True,True,False,False,False,True,False,False,False,False,False,False,True,2041512,bytes,67560
30,True,True,True,True,True,False,True,False,False,False,True,True,False,False,True,False,False,False,False,True,True,False,True,False,True,False,False,False,True,False,False,3096112,bytes,106878
31,True,False,False,False,False,True,True,False,True,False,False,False,False,False,True,False,False,True,True,False,True,False,False,False,True,False,False,False,False,False,True,1346944,bytes,46453
32,False,True,True,True,True,True,False,False,True,False,False,True,False,False,True,False,False,True,True,True,False,True,False,False,False,True,False,False,True,False,False,1581208,bytes,50434
33,False,False,False,True,False,False,False,False,False,False,False,True,False,False,False,False,True,False,False,False,False,False,False,False,True,False,False,False,False,False,True,1599984,bytes,56043
34,True,False,True,True,False,False,False,False,True,False,False,False,False,False,False,False,False,False,True,True,True,False,False,True,False,False,False,False,False,True,False,1924568,bytes,62165
35,True,True,True,True,False,True,True,False,False,False,True,True,False,False,True,False,False,True,False,True,True,True,True,False,False,True,True,False,False,False,False,3096112,bytes,106878
36,False,False,True,False,True,False,True,False,False,False,True,True,False,False,True,False,False,True,False,False,True,False,False,True,False,False,True,False,False,False,False,1484584,bytes,51706
37,True,False,False,True,True,True,False,False,True,True,True,False,False,False,False,False,True,True,False,True,False,False,True,False,False,True,False,True,False,False,False,3096112,bytes,106878
38,False,False,True,True,True,True,True,False,False,False,True,True,False,False,True,False,False,False,True,True,True,True,True,True,False,False,False,False,False,True,False,3096112,bytes,106878
39,True,False,False,False,True,True,True,False,False,False,True,False,False,False,False,False,False,True,True,True,True,True,True,False,False,True,False,False,True,False,False,3096112,bytes,106878
40,False,False,False,True,True,False,True,False,True,False,True,False,False,False,False,False,True,True,True,True,True,True,True,True,False,False,False,True,False,False,False,3096112,bytes,106878
41,True,False,False,False,True,True,False,False,False,False,True,False,False,False,False,False,True,True,True,True,True,True,True,False,False,True,False,False,True,False,False,3096112,bytes,106878
42,False,False,True,False,True,False,True,False,False,False,False,True,False,False,True,False,False,False,True,False,True,True,False,False,False,False,False,False,False,False,True,2491640,bytes,87076
43,True,True,True,True,False,False,True,False,True,True,True,True,False,False,False,False,True,True,False,True,True,True,False,True,False,False,False,False,True,False,False,1365424,bytes,48728
44,True,False,False,True,False,False,True,False,False,True,True,True,False,False,True,False,False,False,False,True,False,True,True,False,False,True,False,True,False,False,False,3096112,bytes,106878
45,False,True,True,True,True,False,False,False,False,True,False,True,False,False,False,False,False,False,False,True,True,True,False,True,False,False,True,False,False,False,False,1408464,bytes,49625
46,False,False,False,True,True,False,True,False,True,True,True,False,False,False,False,False,True,True,True,False,False,True,True,False,True,False,False,False,True,False,False,3096112,bytes,106878
47,False,False,True,True,False,True,True,False,False,True,True,False,False,False,False,False,True,False,True,False,False,True,False,True,False,False,False,False,False,True,False,1232760,bytes,45455
48,True,False,True,True,True,True,True,False,False,True,True,False,False,False,False,False,False,False,True,False,True,True,True,False,False,True,True,False,False,False,False,3096112,bytes,106878
49,True,False,True,False,True,True,True,False,False,True,False,True,False,False,True,False,False,True,False,True,False,False,False,False,True,False,False,False,False,False,True,1011032,bytes,39635
50,True,True,True,True,True,False,False,False,True,True,True,True,False,False,False,False,True,True,True,False,True,False,True,False,True,False,False,False,True,False,False,3096112,bytes,106878
51,True,False,False,False,False,False,False,False,False,False,True,False,False,False,True,False,False,True,False,True,False,False,True,False,False,True,True,False,False,False,False,3096112,bytes,106878
52,False,False,False,True,False,True,True,False,True,False,True,True,False,False,False,False,True,False,False,False,False,False,True,False,True,False,False,True,False,False,False,3096112,bytes,106878
53,True,False,False,True,True,True,True,False,False,False,True,False,False,False,False,False,True,True,False,False,True,False,True,False,True,False,False,False,False,True,False,3096112,bytes,106878
54,False,False,False,True,True,True,True,False,False,True,True,True,False,False,False,False,True,True,False,False,False,False,False,False,True,False,False,False,False,False,True,1035808,bytes,40938
55,False,False,True,False,False,True,False,False,True,True,False,False,False,False,False,False,False,False,True,True,True,False,False,False,True,False,True,False,False,False,False,1075448,bytes,38856
56,False,False,False,False,True,True,True,False,False,False,False,True,False,False,True,False,False,False,True,False,False,True,False,False,False,True,False,True,False,False,False,1716376,bytes,58808
57,True,False,True,False,True,True,True,False,False,False,True,True,False,False,False,False,True,False,True,True,True,False,False,True,False,False,False,False,True,False,False,1057976,bytes,36799
58,False,False,True,False,False,True,True,False,True,True,True,False,False,False,False,False,True,True,True,True,True,True,True,False,True,False,False,False,True,False,False,3096112,bytes,106878
59,True,False,True,True,True,True,False,False,True,True,False,False,False,False,False,False,False,False,False,True,False,True,False,False,True,False,False,True,False,False,False,1067096,bytes,38074
60,False,False,False,True,False,True,True,False,True,True,False,True,False,False,False,False,False,False,True,False,True,True,False,False,False,True,False,True,False,False,False,1652632,bytes,54609
61,False,False,False,True,True,False,True,False,True,False,True,True,False,False,False,False,True,False,True,True,True,True,False,False,False,True,False,False,False,False,False,2529520,bytes,82207
62,True,True,True,True,True,False,True,False,True,True,True,False,False,False,False,False,True,False,False,False,True,False,False,False,False,False,False,True,False,False,False,2681448,bytes,93280
63,False,False,False,False,True,False,False,False,True,True,True,True,False,False,False,False,True,True,True,False,False,False,True,True,False,False,False,False,False,True,False,3096112,bytes,106878
64,True,False,False,True,True,False,True,False,False,False,False,False,False,False,False,False,False,False,False,False,False,True,False,False,True,False,False,True,False,False,False,1721456,bytes,58215
65,False,False,False,True,True,True,False,False,False,True,True,True,False,False,True,False,False,False,False,True,True,True,True,False,True,False,False,False,False,True,False,3096112,bytes,106878
66,False,False,False,False,False,True,False,False,True,False,False,False,False,False,False,False,False,True,False,True,False,True,False,False,True,False,False,False,False,False,True,1286312,bytes,43634
67,True,True,True,True,True,False,True,False,True,True,True,True,False,False,True,False,False,False,False,True,True,False,True,False,True,False,False,False,False,False,True,3096112,bytes,106878
68,True,False,False,True,False,False,True,False,True,True,False,True,False,False,False,False,False,False,True,True,True,True,False,False,False,True,False,False,True,False,False,2139992,bytes,72182
69,True,False,True,False,False,True,True,False,True,True,True,True,False,False,False,False,True,False,False,True,True,False,True,True,False,False,True,False,False,False,False,3096112,bytes,106878
70,False,False,False,False,False,True,False,False,False,False,False,False,False,False,True,False,False,True,False,True,False,False,False,True,False,False,False,False,False,False,True,1371360,bytes,50626
71,False,False,True,True,False,False,False,False,False,False,True,True,False,False,False,False,True,False,False,False,True,False,True,True,False,False,False,True,False,False,False,3096112,bytes,106878
72,False,False,False,True,False,False,True,False,False,False,False,True,False,False,False,False,True,False,False,True,True,True,False,False,True,False,True,False,False,False,False,1441872,bytes,48950
73,False,False,True,True,False,False,False,False,True,True,True,False,False,False,False,False,True,True,False,True,False,False,True,False,False,True,False,True,False,False,False,3096112,bytes,106878
74,True,True,True,True,False,True,True,False,True,True,True,False,False,False,True,False,False,True,True,True,True,False,True,True,False,False,False,False,False,False,True,3096112,bytes,106878
75,False,False,False,False,True,False,True,False,True,True,True,False,False,False,False,False,True,True,False,False,False,True,False,True,False,False,False,False,False,False,False,1776040,bytes,66159
76,False,False,False,False,True,True,False,False,True,False,True,True,False,False,False,False,True,True,False,False,True,True,True,False,True,False,False,True,False,False,False,3096112,bytes,106878
77,False,True,True,True,True,False,False,False,False,True,True,True,False,False,True,False,False,False,True,False,True,False,False,False,False,True,False,True,False,False,False,2150488,bytes,77865
78,False,False,True,True,False,True,True,False,False,True,True,False,False,False,True,False,False,False,False,True,False,True,False,False,False,False,False,False,False,True,False,2072920,bytes,76003
79,False,False,False,False,True,True,False,False,False,True,False,False,False,False,False,False,True,True,False,True,False,False,False,True,False,False,False,False,True,False,False,1151280,bytes,44847
80,True,False,False,False,False,False,False,False,True,False,False,True,False,False,False,False,True,True,True,True,True,False,False,False,False,False,False,True,False,False,False,2202568,bytes,71318
81,True,False,False,True,True,False,False,False,True,False,False,False,False,False,True,False,False,True,False,False,True,False,False,False,True,False,False,False,True,False,False,1765048,bytes,57136
82,False,True,True,True,True,True,True,False,False,True,True,True,False,False,False,False,False,False,True,False,True,True,True,True,False,False,False,False,False,False,True,3096112,bytes,106878
83,True,False,False,False,False,True,False,False,False,False,True,False,False,False,True,False,False,True,False,False,False,True,True,False,False,False,False,False,False,False,True,3096112,bytes,106878
84,True,False,True,True,False,False,False,False,True,False,True,False,False,False,False,False,True,True,True,False,False,False,False,False,False,True,True,False,False,False,False,2765472,bytes,90556
85,True,False,False,True,False,True,True,False,False,False,True,False,False,False,False,False,True,False,True,False,True,False,True,False,False,True,False,False,False,True,False,3096112,bytes,106878
86,True,True,True,True,False,False,True,False,False,True,False,False,False,False,True,False,False,True,False,True,False,True,False,False,False,True,False,False,False,False,True,2654416,bytes,102598
87,True,False,True,True,True,True,True,False,False,False,False,True,False,False,False,False,True,True,False,True,True,False,False,False,True,False,False,False,False,True,False,940496,bytes,33697
88,True,True,True,True,True,True,False,False,True,True,True,True,False,False,False,False,True,True,False,False,False,False,True,True,False,False,False,True,False,False,False,3096112,bytes,106878
89,False,True,True,True,False,True,True,False,True,True,True,True,False,False,True,False,False,True,False,False,False,False,True,True,False,False,False,False,True,False,False,3096112,bytes,106878
90,False,False,False,True,False,False,True,False,True,False,True,False,False,False,False,False,True,False,False,False,True,True,True,True,False,False,False,False,False,True,False,3096112,bytes,106878
91,False,False,False,True,True,False,True,False,False,True,True,True,False,False,False,False,True,False,True,False,False,False,True,False,False,True,False,False,True,False,False,3096112,bytes,106878
92,True,False,False,False,False,True,True,False,True,False,True,False,False,False,False,False,False,True,True,True,False,True,True,True,False,False,True,False,False,False,False,3096112,bytes,106878
93,False,True,True,True,True,True,False,False,True,False,True,True,False,False,False,False,False,True,True,True,True,False,False,False,False,False,False,False,False,False,True,1869096,bytes,63718
94,True,False,False,True,False,True,False,False,False,True,False,False,False,False,False,False,True,True,True,True,True,False,False,False,False,True,False,False,False,True,False,2036720,bytes,77504
95,True,True,True,True,True,True,True,False,False,False,False,False,False,False,False,False,True,True,True,False,True,True,False,False,False,True,False,False,False,False,True,2365336,bytes,85596
96,True,False,False,True,False,True,True,False,False,True,True,True,False,False,False,False,True,True,True,True,False,True,False,True,False,False,False,False,False,False,True,966048,bytes,39103
97,False,False,False,True,True,True,False,False,False,True,True,True,False,False,False,False,False,True,False,True,True,False,False,False,False,True,False,False,True,False,False,1548472,bytes,58495
98,True,True,True,True,False,False,False,False,True,True,True,True,False,False,True,False,False,False,False,True,False,True,True,False,False,True,False,True,False,False,False,3096112,bytes,106878
99,True,False,True,False,False,False,True,False,True,True,True,True,False,False,False,False,False,True,False,False,True,True,True,False,True,False,False,False,True,False,False,3096112,bytes,106878
100,False,False,True,False,True,True,True,False,False,False,True,True,False,False,True,False,False,True,True,True,True,False,False,False,True,False,True,False,False,False,False,921528,bytes,33399
101,False,False,True,False,True,False,True,False,False,True,True,True,False,False,False,False,False,True,True,False,False,True,False,True,False,False,True,False,False,False,False,1338912,bytes,50286
102,True,False,True,False,True,False,True,False,False,True,True,False,False,False,False,False,True,False,True,True,True,False,False,True,False,False,False,False,False,True,False,1765304,bytes,64767
103,True,False,False,True,True,True,True,False,False,False,True,True,False,False,False,False,True,True,True,True,True,True,True,False,False,True,False,False,False,True,False,3096112,bytes,106878
104,False,False,True,False,True,True,True,False,True,False,True,False,False,False,True,False,False,False,False,True,True,True,True,True,False,False,False,False,True,False,False,3096112,bytes,106878
105,True,False,False,True,False,False,True,False,True,False,False,False,False,False,False,False,True,True,True,True,True,False,False,True,False,False,True,False,False,False,False,1802872,bytes,59456
106,True,False,False,False,False,True,False,False,True,False,True,False,False,False,True,False,False,False,True,True,True,True,False,False,False,False,False,True,False,False,False,2309072,bytes,74041
107,False,False,True,True,True,True,True,False,True,True,True,True,False,False,True,False,False,True,True,True,False,True,True,True,False,False,False,False,True,False,False,3096112,bytes,106878
108,True,False,True,False,True,True,False,False,False,False,False,True,False,False,True,False,False,False,False,True,True,False,False,False,False,True,False,False,True,False,False,1708104,bytes,58518
109,False,False,True,True,False,True,True,False,True,False,True,True,False,False,False,False,True,True,True,False,True,True,False,False,False,True,False,True,False,False,False,1654472,bytes,53762
110,False,False,True,True,False,False,True,False,False,True,False,True,False,False,True,False,False,True,True,True,True,False,False,False,False,True,False,True,False,False,False,2072016,bytes,76761
111,False,False,False,False,True,False,False,False,False,True,True,False,False,False,False,False,False,True,False,False,False,True,False,False,False,False,False,False,False,False,True,2721112,bytes,104098
112,True,False,True,False,False,False,False,False,False,True,True,True,False,False,True,False,False,False,False,True,True,False,True,True,False,False,True,False,False,False,False,3096112,bytes,106878
113,False,False,False,False,False,True,True,False,True,True,True,False,False,False,False,False,True,True,True,False,True,True,True,False,True,False,False,True,False,False,False,3096112,bytes,106878
114,False,True,True,True,True,False,True,False,True,False,True,False,False,False,False,False,False,False,False,False,False,False,False,False,False,False,False,False,False,True,False,2926848,bytes,94002
115,True,False,False,False,True,True,False,False,False,False,True,True,False,False,False,False,False,False,True,True,True,False,False,False,True,False,False,True,False,False,False,938896,bytes,33638
116,True,True,True,True,False,False,False,False,False,True,False,True,False,False,True,False,False,True,False,False,True,False,False,False,False,True,False,False,False,False,True,2248720,bytes,85882
117,False,False,True,True,False,True,False,False,True,False,True,True,False,False,False,False,True,True,False,True,True,True,False,False,False,True,True,False,False,False,False,1552592,bytes,50012
118,True,False,True,False,True,False,True,False,True,True,True,False,False,False,True,False,False,True,True,False,False,False,False,False,False,True,False,False,False,True,False,2587432,bytes,92517
119,False,True,True,True,True,True,False,False,False,True,True,False,False,False,True,False,False,True,True,False,False,True,True,False,True,False,False,True,False,False,False,3096112,bytes,106878
120,False,False,False,False,False,False,True,False,False,False,True,False,False,False,False,False,False,True,True,True,True,True,True,False,False,False,False,False,False,True,False,3096112,bytes,106878
121,True,True,True,True,True,True,True,False,True,False,False,True,False,False,True,False,False,True,False,False,True,True,False,True,False,False,False,True,False,False,False,911560,bytes,30574
122,True,False,True,False,True,True,False,False,False,False,False,False,False,False,False,False,True,True,False,False,True,True,False,True,False,False,False,False,True,False,False,1235248,bytes,43270
123,False,True,True,True,False,True,True,False,False,True,True,False,False,False,False,False,True,True,False,True,True,True,False,False,True,False,False,False,False,False,True,1171008,bytes,46434
124,False,True,True,True,True,True,False,False,True,False,False,True,False,False,False,False,True,False,True,True,False,False,False,False,False,True,False,False,True,False,False,1733968,bytes,54396
125,False,False,True,False,True,True,False,False,False,True,True,True,False,False,False,False,True,True,True,True,False,False,False,True,False,False,True,False,False,False,False,843448,bytes,32898
126,True,False,True,True,False,True,True,False,False,True,False,True,False,False,True,False,False,False,False,True,False,True,False,False,False,True,False,False,False,True,False,1584560,bytes,56495
127,True,True,True,True,False,True,True,False,False,True,False,True,False,False,False,False,False,True,True,True,False,True,False,False,True,False,False,False,True,False,False,846968,bytes,31896
128,False,False,False,True,True,False,True,False,True,True,True,False,False,False,True,False,False,False,False,False,False,False,False,False,True,False,False,False,False,False,False,1759400,bytes,64902
129,True,True,True,True,False,False,True,False,False,True,True,False,False,False,False,False,False,True,False,True,False,True,True,False,True,False,False,False,True,False,False,3096112,bytes,106878
130,False,False,False,True,False,True,True,False,True,True,True,True,False,False,False,False,True,False,False,True,True,True,True,True,False,False,True,False,False,False,False,3096112,bytes,106878
131,False,True,True,True,False,True,True,False,False,False,True,False,False,False,True,False,False,False,False,False,True,True,True,False,True,False,True,False,False,False,False,3096112,bytes,106878
132,True,False,True,False,False,True,True,False,True,False,True,True,False,False,False,False,True,True,True,False,True,True,True,True,False,False,True,False,False,False,False,3096112,bytes,106878
133,True,True,True,True,False,False,False,False,False,False,True,True,False,False,True,False,False,False,True,False,False,False,True,False,False,True,False,True,False,False,False,3096112,bytes,106878
134,True,True,True,True,False,True,True,False,True,True,True,True,False,False,False,False,True,True,True,False,False,True,True,False,False,True,False,False,False,True,False,3096112,bytes,106878
135,False,True,True,True,True,False,True,False,False,True,True,False,False,False,False,False,True,True,True,True,True,False,True,False,False,True,False,False,True,False,False,3096112,bytes,106878
136,False,False,False,False,False,False,True,False,True,True,True,True,False,False,False,False,True,False,False,True,True,True,False,False,False,True,False,False,False,True,False,2152456,bytes,72737
137,True,False,False,True,True,True,True,False,True,True,False,False,False,False,False,False,False,True,True,False,True,False,False,True,False,False,False,False,True,False,False,1177784,bytes,43889
138,True,False,True,False,False,True,True,False,False,True,True,False,False,False,True,False,False,False,True,False,False,True,True,False,False,True,False,False,False,True,False,3096112,bytes,106878
139,False,False,True,True,True,True,False,False,False,False,True,False,False,False,True,False,False,True,False,True,False,False,False,False,True,False,False,False,True,False,False,1189784,bytes,42709
140,False,False,True,False,True,True,False,False,False,False,False,False,False,False,True,False,False,True,False,False,False,False,False,False,True,False,False,True,False,False,False,1192288,bytes,42289
141,True,False,False,True,True,False,False,False,True,True,False,True,False,False,False,False,True,True,False,True,False,True,False,False,False,True,False,False,True,False,False,2017656,bytes,68474
142,True,False,False,False,True,False,False,False,True,True,True,True,False,False,False,False,False,True,False,True,True,True,True,False,False,True,False,False,False,True,False,3096112,bytes,106878
143,True,False,False,False,False,False,False,False,True,False,True,False,False,False,True,False,False,True,False,False,True,False,True,False,True,False,True,False,False,False,False,3096112,bytes,106878
144,True,False,False,True,False,True,False,False,True,False,True,False,False,False,True,False,False,True,True,True,False,True,True,False,True,False,False,False,False,False,True,3096112,bytes,106878
145,False,True,True,True,False,False,False,False,False,True,False,True,False,False,True,False,False,True,True,True,False,False,False,False,False,True,True,False,False,False,False,1961904,bytes,72828
146,False,False,False,True,False,False,False,False,False,False,False,True,False,False,False,False,True,True,False,True,False,False,False,False,False,True,False,False,False,False,True,2384416,bytes,86132
147,True,True,True,True,False,True,True,False,True,True,False,True,False,False,True,False,False,True,False,False,True,True,False,False,False,False,False,False,False,True,False,1521272,bytes,51996
148,False,True,True,True,True,True,False,False,False,False,False,False,False,False,True,False,False,False,True,False,False,True,False,False,False,True,False,False,False,False,True,2461784,bytes,86288
149,True,False,True,True,False,False,False,False,True,False,False,True,False,False,True,False,False,True,True,True,False,True,False,False,False,True,False,False,False,False,True,2348752,bytes,78182
150,True,False,True,False,True,True,False,False,False,False,False,False,False,False,True,False,False,True,False,False,True,False,False,True,False,False,False,False,True,False,False,1259856,bytes,44588
151,False,False,False,False,False,True,False,False,False,True,False,True,False,False,False,False,True,False,True,False,True,False,False,False,True,False,False,False,False,False,True,991152,bytes,38757
152,True,True,True,True,True,False,True,False,True,False,False,False,False,False,False,False,False,True,True,False,True,True,False,True,False,False,False,False,True,False,False,1790688,bytes,58837
153,True,False,True,True,True,True,True,False,False,False,False,True,False,False,False,False,False,True,True,False,True,True,False,True,False,False,False,True,False,False,False,901368,bytes,33393
154,True,False,False,False,True,True,True,False,True,False,True,False,False,False,False,False,False,False,True,True,False,True,True,True,False,False,False,False,False,True,False,3096112,bytes,106878
155,True,False,True,False,True,False,False,False,True,False,False,False,False,False,False,False,True,True,False,True,True,True,False,True,False,False,False,False,False,False,True,1900840,bytes,64520
156,True,False,False,False,False,True,True,False,True,True,True,True,False,False,False,False,True,True,True,True,False,False,False,True,False,False,False,False,False,True,False,915216,bytes,33411
157,True,False,True,True,True,True,True,False,True,False,False,False,False,False,False,False,False,True,False,True,True,False,False,False,False,True,False,False,True,False,False,2246080,bytes,73291
158,True,True,True,True,True,True,False,False,True,True,False,True,False,False,True,False,False,False,False,False,True,True,False,False,True,False,True,False,False,False,False,829144,bytes,28664
159,False,False,False,True,False,False,True,False,True,False,False,True,False,False,True,False,False,True,False,True,True,True,False,False,True,False,False,True,False,False,False,1499808,bytes,48211
160,True,True,True,True,False,True,False,False,True,True,True,True,False,False,True,False,False,True,True,True,True,True,False,False,False,False,True,False,False,False,False,1464456,bytes,49437
161,True,False,False,True,False,False,True,False,True,False,True,True,False,False,False,False,True,False,True,False,True,False,True,False,False,False,False,False,False,True,False,3096112,bytes,106878
162,True,False,False,False,False,False,True,False,False,True,True,False,False,False,False,False,True,False,False,False,False,True,True,True,False,False,False,True,False,False,False,3096112,bytes,106878
163,False,True,True,True,True,False,False,False,True,False,False,True,False,False,False,False,True,True,False,True,True,True,False,False,False,True,False,False,False,False,True,2344048,bytes,77824
164,True,False,True,True,False,False,True,False,True,True,True,False,False,False,False,False,False,False,True,False,False,False,True,False,False,True,True,False,False,False,False,3096112,bytes,106878
165,False,True,True,True,False,True,True,False,False,False,True,False,False,False,False,False,True,False,True,True,False,False,False,False,True,False,False,True,False,False,False,1189080,bytes,42985
166,False,False,False,True,True,False,True,False,False,False,True,True,False,False,True,False,False,False,True,False,False,False,False,False,False,True,False,False,False,False,True,2595288,bytes,91585
167,True,False,True,False,False,True,True,False,True,False,True,False,False,False,True,False,False,True,True,False,False,True,False,False,False,True,False,True,False,False,False,2215920,bytes,71778
168,False,False,True,False,False,False,False,False,False,True,False,True,False,False,True,False,False,True,True,False,True,True,False,True,False,False,False,False,True,False,False,1347376,bytes,49821
169,True,False,True,False,True,True,False,False,False,True,True,False,False,False,False,False,False,True,True,True,True,False,True,False,True,False,False,True,False,False,False,3096112,bytes,106878
170,True,False,True,False,True,True,True,False,True,False,False,True,False,False,False,False,False,True,False,False,False,True,False,True,False,False,False,False,True,False,False,934824,bytes,31399
171,True,False,True,False,True,True,True,False,True,False,False,False,False,False,False,False,False,False,False,True,True,True,False,True,False,False,False,False,False,False,True,1461608,bytes,47762
172,True,True,True,True,False,False,False,False,False,True,False,False,False,False,False,False,True,False,True,False,False,False,False,True,False,False,False,True,False,False,False,1736784,bytes,63126
173,False,False,False,True,False,False,True,False,False,True,True,False,False,False,True,False,False,True,False,True,False,True,True,False,False,True,False,False,False,False,True,3096112,bytes,106878
174,True,True,True,True,True,False,True,False,True,True,True,False,False,False,False,False,False,False,False,True,True,True,True,False,False,True,False,False,False,False,True,3096112,bytes,106878
175,True,False,True,True,True,True,True,False,False,False,False,True,False,False,False,False,True,True,False,True,True,True,False,False,False,False,True,False,False,False,False,1510272,bytes,52949
176,True,True,True,True,False,False,False,False,False,False,True,True,False,False,False,False,True,True,True,False,False,False,True,False,True,False,False,False,False,True,False,3096112,bytes,106878
177,True,True,True,True,True,True,False,False,True,False,True,False,False,False,False,False,False,True,False,True,True,False,True,True,False,False,False,False,True,False,False,3096112,bytes,106878
178,True,False,False,False,False,True,True,False,False,True,True,False,False,False,False,False,True,False,True,True,False,True,False,True,False,False,False,True,False,False,False,1232952,bytes,45921
179,True,False,True,False,True,False,False,False,False,False,False,False,False,False,True,False,False,True,True,False,True,True,False,False,False,False,False,False,False,False,True,2925064,bytes,102638
180,True,True,True,True,False,True,False,False,True,False,False,False,False,False,False,False,False,True,False,False,False,False,False,True,False,False,True,False,False,False,False,1231624,bytes,41413
181,False,True,True,True,True,False,True,False,False,False,True,True,False,False,True,False,False,True,True,True,False,True,False,True,False,False,True,False,False,False,False,1422416,bytes,49343
182,False,True,True,True,False,False,False,False,False,True,True,False,False,False,True,False,False,False,True,True,False,False,True,True,False,False,False,False,True,False,False,3096112,bytes,106878
183,True,False,False,False,True,True,True,False,True,False,True,False,False,False,False,False,True,False,False,True,True,False,True,False,False,True,False,False,False,False,True,3096112,bytes,106878
184,True,False,False,True,False,False,False,False,True,True,True,True,False,False,True,False,False,False,True,True,True,True,True,False,True,False,True,False,False,False,False,3096112,bytes,106878
185,False,False,False,True,True,False,False,False,True,True,True,True,False,False,False,False,True,True,False,True,True,False,True,False,False,False,False,False,False,True,False,3096112,bytes,106878
186,True,False,False,False,False,True,True,False,False,False,True,False,False,False,False,False,True,True,True,False,False,False,True,False,False,True,True,False,False,False,False,3096112,bytes,106878
187,False,True,True,True,False,True,True,False,False,False,False,False,False,False,False,False,False,False,False,False,False,False,False,True,False,False,False,True,False,False,False,1362400,bytes,46469
188,True,False,False,False,True,True,False,False,False,False,True,True,False,False,False,False,True,True,True,True,False,True,False,False,True,False,False,False,False,False,True,1017544,bytes,37198
189,True,False,True,False,True,False,False,False,True,True,True,True,False,False,False,False,False,True,False,True,False,False,False,False,False,False,False,False,True,False,False,2087304,bytes,71086
190,False,False,False,True,False,False,False,False,False,True,False,False,False,False,False,False,True,True,True,False,False,False,False,True,False,False,False,False,False,True,False,1663312,bytes,63011
191,True,False,False,True,False,False,False,False,True,True,False,False,False,False,False,False,False,False,False,False,True,False,False,False,False,True,False,False,False,True,False,2678136,bytes,92621
192,True,False,True,False,False,False,False,False,True,False,False,True,False,False,True,False,False,True,False,True,True,False,False,False,False,False,False,False,False,True,False,2200744,bytes,71293
193,True,False,False,False,True,True,False,False,False,True,False,False,False,False,False,False,True,True,False,True,False,False,False,False,True,False,False,False,False,False,True,1192112,bytes,47040
194,False,False,True,False,True,True,False,False,True,False,False,False,False,False,True,False,False,False,False,False,False,True,False,False,True,False,False,False,True,False,False,1187440,bytes,38920
195,True,False,True,False,True,False,True,False,True,True,False,False,False,False,False,False,True,False,True,False,True,True,False,False,False,True,False,False,False,False,True,2824984,bytes,99580
196,False,False,False,True,True,False,False,False,True,True,True,True,False,False,True,False,False,True,False,True,False,True,False,False,False,False,False,False,False,True,False,2046408,bytes,70401
197,True,False,False,False,True,True,True,False,False,True,True,False,False,False,True,False,False,False,False,True,True,True,False,False,False,False,False,False,False,True,False,2077304,bytes,75982
198,False,False,True,False,True,True,True,False,False,True,False,False,False,False,False,False,True,True,False,False,False,False,False,False,True,False,False,False,True,False,False,1113936,bytes,43162
199,True,False,False,True,True,False,False,False,False,False,True,False,False,False,False,False,False,False,False,False,False,True,False,False,True,False,False,False,False,False,True,1836240,bytes,64448
